32696,32772,32589,33287,32722,34956,34388,37128,34480,35456,34848,36398,29468,28724,29162,29037,31104,30400,28148
32764,32729,32843,33245,32551,34956,34388,37128,34480,35456,34848,36398,29468,28724,29162,29037,31104,30400,28148
32771,32775,32807,33145,32663,34956,34388,37128,34480,35456,34848,36398,29468,28724,29162,29037,31104,30400,28148
32799,32765,32674,32935,32549,34956,34388,37128,34480,35456,34848,36398,29468,28724,29162,29037,31104,30400,28148
32756,32801,32861,33045,32845,34956,34388,37128,34480,35456,34848,36398,29468,28724,29162,29037,31104,30400,28148
32734,32834,32751,33133,32653,34956,34388,37128,34480,35456,34848,36398,29468,28724,29162,29037,31104,30400,28148
32768,32791,32850,33202,32989,34956,34388,37128,34480,35456,34848,36398,29468,28724,29162,29037,31104,30400,28148
32765,32731,32854,33341,33044,34956,34388,37128,34480,35456,34848,36398,29468,28724,29162,29037,31104,30400,28148
32726,32769,32677,33213,32877,34956,34388,37128,34480,35456,34848,36398,29468,28724,29162,29037,31104,30400,28148
32825,32811,32898,33067,32858,34956,34388,37128,34480,35456,34848,36398,29468,28724,29162,29037,31104,30400,28148
32759,32807,32693,33002,32670,34949,34396,37136,34528,35456,34848,36413,29490,28784,29145,29028,30608,31672,29144
32783,32807,32885,33031,32581,34949,34396,37136,34528,35456,34848,36413,29490,28784,29145,29028,30608,31672,29144
32782,32665,32889,33013,32698,34949,34396,37136,34528,35456,34848,36413,29490,28784,29145,29028,30608,31672,29144
32800,32749,32726,33159,32583,34949,34396,37136,34528,35456,34848,36413,29490,28784,29145,29028,30608,31672,29144
32836,32659,32831,33223,32574,34949,34396,37136,34528,35456,34848,36413,29490,28784,29145,29028,30608,31672,29144
32752,32775,32599,33181,32545,34949,34396,37136,34528,35456,34848,36413,29490,28784,29145,29028,30608,31672,29144
32853,32595,32799,33163,32685,34949,34396,37136,34528,35456,34848,36413,29490,28784,29145,29028,30608,31672,29144
32756,32794,32623,32991,32879,34949,34396,37136,34528,35456,34848,36413,29490,28784,29145,29028,30608,31672,29144
32777,32731,32831,33042,33069,34949,34396,37136,34528,35456,34848,36413,29490,28784,29145,29028,30608,31672,29144
32732,32894,32567,33207,33159,34949,34396,37136,34528,35456,34848,36413,29490,28784,29145,29028,30608,31672,29144
32750,32735,32791,33183,33031,34960,34416,37104,34593,35452,34848,36388,29450,28932,29158,29044,31114,28989,30672
32739,32843,32591,33211,32923,34960,34416,37104,34593,35452,34848,36388,29450,28932,29158,29044,31114,28989,30672
32682,32713,32775,33166,32772,34960,34416,37104,34593,35452,34848,36388,29450,28932,29158,29044,31114,28989,30672
32703,32876,32635,33003,32807,34960,34416,37104,34593,35452,34848,36388,29450,28932,29158,29044,31114,28989,30672
32752,32762,32835,33065,32807,34960,34416,37104,34593,35452,34848,36388,29450,28932,29158,29044,31114,28989,30672
32764,32817,32809,33114,32775,34960,34416,37104,34593,35452,34848,36388,29450,28932,29158,29044,31114,28989,30672
32764,32703,32655,33197,32767,34960,34416,37104,34593,35452,34848,36388,29450,28932,29158,29044,31114,28989,30672
32737,32839,32833,33317,32735,34960,34416,37104,34593,35452,34848,36388,29450,28932,29158,29044,31114,28989,30672
32774,32813,32670,33271,32969,34960,34416,37104,34593,35452,34848,36388,29450,28932,29158,29044,31114,28989,30672
32784,32771,32905,33255,32734,34960,34416,37104,34593,35452,34848,36388,29450,28932,29158,29044,31114,28989,30672
32761,32749,32712,33270,32767,34948,34408,37144,34508,35444,34856,36396,29444,29229,29068,29092,27832,28312,29024
32730,32754,32911,33166,32746,34948,34408,37144,34508,35444,34856,36396,29444,29229,29068,29092,27832,28312,29024
32775,32768,32635,33085,32741,34948,34408,37144,34508,35444,34856,36396,29444,29229,29068,29092,27832,28312,29024
32765,32667,32858,33165,32589,34948,34408,37144,34508,35444,34856,36396,29444,29229,29068,29092,27832,28312,29024
32737,32751,32662,33339,32511,34948,34408,37144,34508,35444,34856,36396,29444,29229,29068,29092,27832,28312,29024
32724,32639,32803,33114,32457,34948,34408,37144,34508,35444,34856,36396,29444,29229,29068,29092,27832,28312,29024
32789,32774,32722,33191,32540,34948,34408,37144,34508,35444,34856,36396,29444,29229,29068,29092,27832,28312,29024
32789,32741,32850,33061,32967,34948,34408,37144,34508,35444,34856,36396,29444,29229,29068,29092,27832,28312,29024
32720,32773,32874,32967,33211,34948,34408,37144,34508,35444,34856,36396,29444,29229,29068,29092,27832,28312,29024
32803,32774,32655,32899,32882,34948,34408,37144,34508,35444,34856,36396,29444,29229,29068,29092,27832,28312,29024
32834,32783,32859,33060,32861,34948,34404,37116,34550,35444,34864,36402,29464,29310,29032,29080,28406,28133,28274
32731,32736,32791,33181,32743,34948,34404,37116,34550,35444,34864,36402,29464,29310,29032,29080,28406,28133,28274
32803,32752,32758,33330,32670,34948,34404,37116,34550,35444,34864,36402,29464,29310,29032,29080,28406,28133,28274
32756,32784,32931,33183,32959,34948,34404,37116,34550,35444,34864,36402,29464,29310,29032,29080,28406,28133,28274
32716,32867,32699,33176,32878,34948,34404,37116,34550,35444,34864,36402,29464,29310,29032,29080,28406,28133,28274
32742,32775,32891,33126,32824,34948,34404,37116,34550,35444,34864,36402,29464,29310,29032,29080,28406,28133,28274
32782,32741,32699,33003,32651,34948,34404,37116,34550,35444,34864,36402,29464,29310,29032,29080,28406,28133,28274
32768,32794,32841,33031,32422,34948,34404,37116,34550,35444,34864,36402,29464,29310,29032,29080,28406,28133,28274
32749,32749,32775,33093,32391,34948,34404,37116,34550,35444,34864,36402,29464,29310,29032,29080,28406,28133,28274
32717,32667,32819,33314,32391,34948,34404,37116,34550,35444,34864,36402,29464,29310,29032,29080,28406,28133,28274
32675,32787,32811,33243,32653,34960,34404,37121,34448,35456,34841,36416,29434,29156,29001,29128,30644,31297,28226
32735,32669,32673,33191,32923,34960,34404,37121,34448,35456,34841,36416,29434,29156,29001,29128,30644,31297,28226
32788,32801,32811,33094,33059,34960,34404,37121,34448,35456,34841,36416,29434,29156,29001,29128,30644,31297,28226
32727,32661,32605,33010,33035,34960,34404,37121,34448,35456,34841,36416,29434,29156,29001,29128,30644,31297,28226
32804,32785,32871,33050,32830,34960,34404,37121,34448,35456,34841,36416,29434,29156,29001,29128,30644,31297,28226
32839,32775,32662,33277,32683,34960,34404,37121,34448,35456,34841,36416,29434,29156,29001,29128,30644,31297,28226
32864,32756,32827,33277,33014,34960,34404,37121,34448,35456,34841,36416,29434,29156,29001,29128,30644,31297,28226
32877,32762,32623,33159,33202,34960,34404,37121,34448,35456,34841,36416,29434,29156,29001,29128,30644,31297,28226
32796,32646,32837,33163,33159,34960,34404,37121,34448,35456,34841,36416,29434,29156,29001,29128,30644,31297,28226
32827,32745,32622,33009,33033,34960,34404,37121,34448,35456,34841,36416,29434,29156,29001,29128,30644,31297,28226
32847,32679,32751,33021,32577,34956,34408,37100,34472,35424,34868,36400,29452,28996,29065,29113,31304,29848,28233
32805,32838,32581,33174,32421,34956,34408,37100,34472,35424,34868,36400,29452,28996,29065,29113,31304,29848,28233
32859,32694,32798,33232,32864,34956,34408,37100,34472,35424,34868,36400,29452,28996,29065,29113,31304,29848,28233
32801,32767,32690,33287,32903,34956,34408,37100,34472,35424,34868,36400,29452,28996,29065,29113,31304,29848,28233
32839,32677,32615,33189,33131,34956,34408,37100,34472,35424,34868,36400,29452,28996,29065,29113,31304,29848,28233
32729,32775,32759,33157,32912,34956,34408,37100,34472,35424,34868,36400,29452,28996,29065,29113,31304,29848,28233
32800,32686,32658,32983,32893,34956,34408,37100,34472,35424,34868,36400,29452,28996,29065,29113,31304,29848,28233
32796,32797,32849,33063,32899,34956,34408,37100,34472,35424,34868,36400,29452,28996,29065,29113,31304,29848,28233
32775,32646,32703,33235,32620,34956,34408,37100,34472,35424,34868,36400,29452,28996,29065,29113,31304,29848,28233
32749,32769,32895,33215,32627,34956,34408,37100,34472,35424,34868,36400,29452,28996,29065,29113,31304,29848,28233
32777,32767,32799,33313,32418,34956,34400,37114,34468,35464,34864,36392,29476,28758,29084,29157,29072,29529,28216
32681,32815,32896,33269,32381,34956,34400,37114,34468,35464,34864,36392,29476,28758,29084,29157,29072,29529,28216
32730,32767,32843,33133,32685,34956,34400,37114,34468,35464,34864,36392,29476,28758,29084,29157,29072,29529,28216
32632,32767,32719,33077,32717,34956,34400,37114,34468,35464,34864,36392,29476,28758,29084,29157,29072,29529,28216
32676,32743,32919,33166,33104,34956,34400,37114,34468,35464,34864,36392,29476,28758,29084,29157,29072,29529,28216
32698,32775,32677,33340,33002,34956,34400,37114,34468,35464,34864,36392,29476,28758,29084,29157,29072,29529,28216
32745,32764,32868,33237,32871,34956,34400,37114,34468,35464,34864,36392,29476,28758,29084,29157,29072,29529,28216
32686,32882,32669,33304,32511,34956,34400,37114,34468,35464,34864,36392,29476,28758,29084,29157,29072,29529,28216
32755,32847,32819,33234,32573,34956,34400,37114,34468,35464,34864,36392,29476,28758,29084,29157,29072,29529,28216
32714,32837,32727,33093,32915,34956,34400,37114,34468,35464,34864,36392,29476,28758,29084,29157,29072,29529,28216
32676,32784,32719,33033,32857,34946,34432,37128,34468,35449,34856,36380,29520,28720,29180,29148,27893,28044,28340
32676,32726,32854,32990,32455,34946,34432,37128,34468,35449,34856,36380,29520,28720,29180,29148,27893,28044,28340
32739,32799,32639,32985,32395,34946,34432,37128,34468,35449,34856,36380,29520,28720,29180,29148,27893,28044,28340
32718,32672,32867,33141,32671,34946,34432,37128,34468,35449,34856,36380,29520,28720,29180,29148,27893,28044,28340
32712,32803,32775,33261,32863,34946,34432,37128,34468,35449,34856,36380,29520,28720,29180,29148,27893,28044,28340
32774,32767,32871,33214,33316,34946,34432,37128,34468,35449,34856,36380,29520,28720,29180,29148,27893,28044,28340
32738,32731,32757,32983,33167,34946,34432,37128,34468,35449,34856,36380,29520,28720,29180,29148,27893,28044,28340
32784,32809,32743,32911,33332,34946,34432,37128,34468,35449,34856,36380,29520,28720,29180,29148,27893,28044,28340
32775,32758,32828,33070,33195,34946,34432,37128,34468,35449,34856,36380,29520,28720,29180,29148,27893,28044,28340
32784,32754,32695,33303,32883,34946,34432,37128,34468,35449,34856,36380,29520,28720,29180,29148,27893,28044,28340
32799,32719,32832,33177,32569,34946,34404,37101,34580,35440,34849,36400,29488,28923,29108,29136,30654,31600,28864
32794,32775,32591,33267,32313,34946,34404,37101,34580,35440,34849,36400,29488,28923,29108,29136,30654,31600,28864
32783,32631,32804,33155,32234,34946,34404,37101,34580,35440,34849,36400,29488,28923,29108,29136,30654,31600,28864
32711,32761,32655,33167,32551,34946,34404,37101,34580,35440,34849,36400,29488,28923,29108,29136,30654,31600,28864
32786,32636,32751,33042,32787,34946,34404,37101,34580,35440,34849,36400,29488,28923,29108,29136,30654,31600,28864
32804,32767,32891,33133,33455,34946,34404,37101,34580,35440,34849,36400,29488,28923,29108,29136,30654,31600,28864
32709,32754,32731,33041,33266,34946,34404,37101,34580,35440,34849,36400,29488,28923,29108,29136,30654,31600,28864
32839,32825,32631,33011,33127,34946,34404,37101,34580,35440,34849,36400,29488,28923,29108,29136,30654,31600,28864
32758,32821,32775,32935,32795,34946,34404,37101,34580,35440,34849,36400,29488,28923,29108,29136,30654,31600,28864
32740,32711,32634,33019,32363,34946,34404,37101,34580,35440,34849,36400,29488,28923,29108,29136,30654,31600,28864
32727,32821,32743,33039,32223,34974,34392,37104,34482,35442,34864,36384,29498,29108,29102,29110,29293,30588,29372
32848,32707,32736,33123,32279,34974,34392,37104,34482,35442,34864,36384,29498,29108,29102,29110,29293,30588,29372
32784,32807,32651,33309,32437,34974,34392,37104,34482,35442,34864,36384,29498,29108,29102,29110,29293,30588,29372
32721,32658,32864,33253,32647,34974,34392,37104,34482,35442,34864,36384,29498,29108,29102,29110,29293,30588,29372
32755,32722,32685,33223,33014,34974,34392,37104,34482,35442,34864,36384,29498,29108,29102,29110,29293,30588,29372
32736,32775,32855,33095,33126,34974,34392,37104,34482,35442,34864,36384,29498,29108,29102,29110,29293,30588,29372
32710,32765,32675,33040,33140,34974,34392,37104,34482,35442,34864,36384,29498,29108,29102,29110,29293,30588,29372
32807,32834,32827,33069,32891,34974,34392,37104,34482,35442,34864,36384,29498,29108,29102,29110,29293,30588,29372
32743,32751,32689,33104,32805,34974,34392,37104,34482,35442,34864,36384,29498,29108,29102,29110,29293,30588,29372
32782,32762,32883,33295,32543,34974,34392,37104,34482,35442,34864,36384,29498,29108,29102,29110,29293,30588,29372
32793,32710,32805,33263,32677,34956,34424,37118,34534,35456,34846,36384,29444,29294,29004,29109,27792,28223,30732
32837,32883,32849,33186,32750,34956,34424,37118,34534,35456,34846,36384,29444,29294,29004,29109,27792,28223,30732
32806,32658,32871,33108,32775,34956,34424,37118,34534,35456,34846,36384,29444,29294,29004,29109,27792,28223,30732
32801,32818,32675,33083,32851,34956,34424,37118,34534,35456,34846,36384,29444,29294,29004,29109,27792,28223,30732
32824,32788,32876,33131,32790,34956,34424,37118,34534,35456,34846,36384,29444,29294,29004,29109,27792,28223,30732
32768,32831,32827,33242,32963,34956,34424,37118,34534,35456,34846,36384,29444,29294,29004,29109,27792,28223,30732
32758,32821,32729,33343,32947,34956,34424,37118,34534,35456,34846,36384,29444,29294,29004,29109,27792,28223,30732
32768,32762,32875,33307,32884,34956,34424,37118,34534,35456,34846,36384,29444,29294,29004,29109,27792,28223,30732
32787,32822,32691,33170,32971,34956,34424,37118,34534,35456,34846,36384,29444,29294,29004,29109,27792,28223,30732
32808,32742,32858,33177,32959,34956,34424,37118,34534,35456,34846,36384,29444,29294,29004,29109,27792,28223,30732
32805,32844,32782,33063,32891,34968,34400,37084,34528,35452,34868,36380,29505,29262,29032,29076,30388,31461,30532
32806,32718,32669,32914,32725,34968,34400,37084,34528,35452,34868,36380,29505,29262,29032,29076,30388,31461,30532
32775,32804,32832,33045,32583,34968,34400,37084,34528,35452,34868,36380,29505,29262,29032,29076,30388,31461,30532
32782,32755,32711,33102,32655,34968,34400,37084,34528,35452,34868,36380,29505,29262,29032,29076,30388,31461,30532
32775,32787,32851,33115,32806,34968,34400,37084,34528,35452,34868,36380,29505,29262,29032,29076,30388,31461,30532
32812,32799,32671,33237,32707,34968,34400,37084,34528,35452,34868,36380,29505,29262,29032,29076,30388,31461,30532
32797,32783,32818,33263,33135,34968,34400,37084,34528,35452,34868,36380,29505,29262,29032,29076,30388,31461,30532
32809,32746,32767,33236,33076,34968,34400,37084,34528,35452,34868,36380,29505,29262,29032,29076,30388,31461,30532
32835,32729,32694,33148,32713,34968,34400,37084,34528,35452,34868,36380,29505,29262,29032,29076,30388,31461,30532
32810,32754,32797,33203,32647,34968,34400,37084,34528,35452,34868,36380,29505,29262,29032,29076,30388,31461,30532
32805,32716,32621,33027,32321,34968,34405,37114,34528,35460,34860,36384,29450,29025,29036,29096,27780,28120,28621
32780,32685,32826,33021,32433,34968,34405,37114,34528,35460,34860,36384,29450,29025,29036,29096,27780,28120,28621
32806,32775,32724,33025,32826,34968,34405,37114,34528,35460,34860,36384,29450,29025,29036,29096,27780,28120,28621
32780,32794,32674,33042,32845,34968,34405,37114,34528,35460,34860,36384,29450,29025,29036,29096,27780,28120,28621
32748,32763,32914,33215,32925,34968,34405,37114,34528,35460,34860,36384,29450,29025,29036,29096,27780,28120,28621
32682,32798,32750,33223,33159,34968,34405,37114,34528,35460,34860,36384,29450,29025,29036,29096,27780,28120,28621
32722,32676,32851,33312,32998,34968,34405,37114,34528,35460,34860,36384,29450,29025,29036,29096,27780,28120,28621
32720,32701,32775,33227,32775,34968,34405,37114,34528,35460,34860,36384,29450,29025,29036,29096,27780,28120,28621
32742,32627,32618,33287,32839,34968,34405,37114,34528,35460,34860,36384,29450,29025,29036,29096,27780,28120,28621
32737,32775,32767,33255,32628,34968,34405,37114,34528,35460,34860,36384,29450,29025,29036,29096,27780,28120,28621
32759,32754,32811,33287,32815,34962,34412,37110,34528,35486,34844,36372,29504,28832,29138,29077,31200,30388,28205
32722,32741,32637,33241,32814,34962,34412,37110,34528,35486,34844,36372,29504,28832,29138,29077,31200,30388,28205
32742,32843,32870,33299,32269,34962,34412,37110,34528,35486,34844,36372,29504,28832,29138,29077,31200,30388,28205
32688,32745,32835,33243,32499,34962,34412,37110,34528,35486,34844,36372,29504,28832,29138,29077,31200,30388,28205
32666,32798,32690,33218,32915,34962,34412,37110,34528,35486,34844,36372,29504,28832,29138,29077,31200,30388,28205
32663,32803,32839,33179,32807,34962,34412,37110,34528,35486,34844,36372,29504,28832,29138,29077,31200,30388,28205
32707,32881,32803,33255,32754,34962,34412,37110,34528,35486,34844,36372,29504,28832,29138,29077,31200,30388,28205
32746,32867,32631,33202,32793,34962,34412,37110,34528,35486,34844,36372,29504,28832,29138,29077,31200,30388,28205
32765,32687,32791,33247,32876,34962,34412,37110,34528,35486,34844,36372,29504,28832,29138,29077,31200,30388,28205
32676,32796,32775,33073,32699,34962,34412,37110,34528,35486,34844,36372,29504,28832,29138,29077,31200,30388,28205
32770,32711,32637,33085,32899,34960,34392,37108,34613,35464,34856,36380,29446,28741,29134,29080,29300,29972,28348
32776,32775,32815,33098,33039,34960,34392,37108,34613,35464,34856,36380,29446,28741,29134,29080,29300,29972,28348
32785,32789,32731,33085,32719,34960,34392,37108,34613,35464,34856,36380,29446,28741,29134,29080,29300,29972,28348
32746,32711,32637,33035,32677,34960,34392,37108,34613,35464,34856,36380,29446,28741,29134,29080,29300,29972,28348
32768,32733,32836,33097,32999,34960,34392,37108,34613,35464,34856,36380,29446,28741,29134,29080,29300,29972,28348
32796,32687,32628,33350,32946,34960,34392,37108,34613,35464,34856,36380,29446,28741,29134,29080,29300,29972,28348
32790,32761,32806,33229,32997,34960,34392,37108,34613,35464,34856,36380,29446,28741,29134,29080,29300,29972,28348
32768,32771,32820,33287,32791,34960,34392,37108,34613,35464,34856,36380,29446,28741,29134,29080,29300,29972,28348
32796,32730,32615,33234,32628,34960,34392,37108,34613,35464,34856,36380,29446,28741,29134,29080,29300,29972,28348
32820,32763,32815,33218,32615,34960,34392,37108,34613,35464,34856,36380,29446,28741,29134,29080,29300,29972,28348
32762,32757,32867,33171,32679,34964,34400,37108,34568,35460,34872,36384,29512,28800,29165,29072,28510,28282,28652
32746,32827,32679,33159,32585,34964,34400,37108,34568,35460,34872,36384,29512,28800,29165,29072,28510,28282,28652
32816,32759,32897,33148,32957,34964,34400,37108,34568,35460,34872,36384,29512,28800,29165,29072,28510,28282,28652
32812,32839,32728,33063,32882,34964,34400,37108,34568,35460,34872,36384,29512,28800,29165,29072,28510,28282,28652
32830,32766,32743,32935,32726,34964,34400,37108,34568,35460,34872,36384,29512,28800,29165,29072,28510,28282,28652
32780,32835,32863,33046,32711,34964,34400,37108,34568,35460,34872,36384,29512,28800,29165,29072,28510,28282,28652
32788,32847,32647,32903,32760,34964,34400,37108,34568,35460,34872,36384,29512,28800,29165,29072,28510,28282,28652
32761,32715,32831,33063,32836,34964,34400,37108,34568,35460,34872,36384,29512,28800,29165,29072,28510,28282,28652
32773,32751,32847,33029,32857,34964,34400,37108,34568,35460,34872,36384,29512,28800,29165,29072,28510,28282,28652
32826,32725,32641,33052,32927,34964,34400,37108,34568,35460,34872,36384,29512,28800,29165,29072,28510,28282,28652
32750,32758,32839,33181,32759,34976,34397,37124,34608,35472,34852,36380,29524,29080,29086,29096,28332,29296,29657
32753,32690,32827,33171,32655,34976,34397,37124,34608,35472,34852,36380,29524,29080,29086,29096,28332,29296,29657
32754,32745,32641,33242,32683,34976,34397,37124,34608,35472,34852,36380,29524,29080,29086,29096,28332,29296,29657
32714,32775,32809,33183,32647,34976,34397,37124,34608,35472,34852,36380,29524,29080,29086,29096,28332,29296,29657
32742,32695,32671,33211,32727,34976,34397,37124,34608,35472,34852,36380,29524,29080,29086,29096,28332,29296,29657
32726,32823,32654,33098,32975,34976,34397,37124,34608,35472,34852,36380,29524,29080,29086,29096,28332,29296,29657
32756,32741,32809,33004,32931,34976,34397,37124,34608,35472,34852,36380,29524,29080,29086,29096,28332,29296,29657
32722,32775,32594,33031,32895,34976,34397,37124,34608,35472,34852,36380,29524,29080,29086,29096,28332,29296,29657
32685,32705,32775,33178,32775,34976,34397,37124,34608,35472,34852,36380,29524,29080,29086,29096,28332,29296,29657
32740,32775,32828,33191,32539,34976,34397,37124,34608,35472,34852,36380,29524,29080,29086,29096,28332,29296,29657
32669,32735,32663,33238,32615,34976,34392,37131,34592,35478,34848,36386,29490,29216,29069,29053,29064,28184,30853
32716,32783,32786,33277,32844,34976,34392,37131,34592,35478,34848,36386,29490,29216,29069,29053,29064,28184,30853
32758,32750,32764,33239,32831,34976,34392,37131,34592,35478,34848,36386,29490,29216,29069,29053,29064,28184,30853
32794,32786,32703,33204,33047,34976,34392,37131,34592,35478,34848,36386,29490,29216,29069,29053,29064,28184,30853
32786,32823,32855,33154,32897,34976,34392,37131,34592,35478,34848,36386,29490,29216,29069,29053,29064,28184,30853
32813,32672,32696,33109,32647,34976,34392,37131,34592,35478,34848,36386,29490,29216,29069,29053,29064,28184,30853
32868,32771,32842,33060,32662,34976,34392,37131,34592,35478,34848,36386,29490,29216,29069,29053,29064,28184,30853
32763,32693,32786,33015,32643,34976,34392,37131,34592,35478,34848,36386,29490,29216,29069,29053,29064,28184,30853
32816,32765,32639,33045,32645,34976,34392,37131,34592,35478,34848,36386,29490,29216,29069,29053,29064,28184,30853
32813,32667,32881,33150,32380,34976,34392,37131,34592,35478,34848,36386,29490,29216,29069,29053,29064,28184,30853
32748,32774,32663,33323,32487,34976,34400,37116,34488,35464,34852,36368,29533,29249,28984,29080,28256,29341,28157
32805,32651,32838,33215,32605,34976,34400,37116,34488,35464,34852,36368,29533,29249,28984,29080,28256,29341,28157
32857,32763,32719,33236,32795,34976,34400,37116,34488,35464,34852,36368,29533,29249,28984,29080,28256,29341,28157
32756,32775,32775,33119,33237,34976,34400,37116,34488,35464,34852,36368,29533,29249,28984,29080,28256,29341,28157
32713,32763,32783,33029,33335,34976,34400,37116,34488,35464,34852,36368,29533,29249,28984,29080,28256,29341,28157
32709,32741,32770,33055,33151,34976,34400,37116,34488,35464,34852,36368,29533,29249,28984,29080,28256,29341,28157
32694,32733,32863,33248,33050,34976,34400,37116,34488,35464,34852,36368,29533,29249,28984,29080,28256,29341,28157
32697,32754,32713,33244,32519,34976,34400,37116,34488,35464,34852,36368,29533,29249,28984,29080,28256,29341,28157
32754,32871,32806,33197,32605,34976,34400,37116,34488,35464,34852,36368,29533,29249,28984,29080,28256,29341,28157
32775,32775,32661,33227,32851,34976,34400,37116,34488,35464,34852,36368,29533,29249,28984,29080,28256,29341,28157
32799,32798,32893,33063,32805,34976,34396,37124,34464,35468,34864,36370,29492,29130,29021,29044,28445,28141,28888
32798,32768,32655,33123,32997,34976,34396,37124,34464,35468,34864,36370,29492,29130,29021,29044,28445,28141,28888
32803,32797,32854,33331,32945,34976,34396,37124,34464,35468,34864,36370,29492,29130,29021,29044,28445,28141,28888
32775,32717,32621,33321,33133,34976,34396,37124,34464,35468,34864,36370,29492,29130,29021,29044,28445,28141,28888
32799,32795,32859,33277,32965,34976,34396,37124,34464,35468,34864,36370,29492,29130,29021,29044,28445,28141,28888
32760,32707,32719,33220,32813,34976,34396,37124,34464,35468,34864,36370,29492,29130,29021,29044,28445,28141,28888
32782,32788,32739,33069,32607,34976,34396,37124,34464,35468,34864,36370,29492,29130,29021,29044,28445,28141,28888
32847,32619,32911,33081,32263,34976,34396,37124,34464,35468,34864,36370,29492,29130,29021,29044,28445,28141,28888
32834,32801,32741,33083,32567,34976,34396,37124,34464,35468,34864,36370,29492,29130,29021,29044,28445,28141,28888
32797,32797,32877,33143,32538,34976,34396,37124,34464,35468,34864,36370,29492,29130,29021,29044,28445,28141,28888
32811,32859,32693,33215,32527,34962,34416,37122,34592,35472,34834,36416,29480,28820,29061,29039,27920,30748,30168
32797,32728,32818,33312,32678,34962,34416,37122,34592,35472,34834,36416,29480,28820,29061,29039,27920,30748,30168
32842,32789,32687,33271,32738,34962,34416,37122,34592,35472,34834,36416,29480,28820,29061,29039,27920,30748,30168
32844,32725,32699,33159,32999,34962,34416,37122,34592,35472,34834,36416,29480,28820,29061,29039,27920,30748,30168
32790,32715,32863,33025,33257,34962,34416,37122,34592,35472,34834,36416,29480,28820,29061,29039,27920,30748,30168
32751,32741,32678,33013,33103,34962,34416,37122,34592,35472,34834,36416,29480,28820,29061,29039,27920,30748,30168
32786,32751,32826,33031,33014,34962,34416,37122,34592,35472,34834,36416,29480,28820,29061,29039,27920,30748,30168
32809,32671,32631,33154,32501,34962,34416,37122,34592,35472,34834,36416,29480,28820,29061,29039,27920,30748,30168
32801,32775,32833,33210,32553,34962,34416,37122,34592,35472,34834,36416,29480,28820,29061,29039,27920,30748,30168
32747,32723,32617,33208,32319,34962,34416,37122,34592,35472,34834,36416,29480,28820,29061,29039,27920,30748,30168
32711,32743,32823,33206,32489,34982,34394,37110,34512,35456,34852,36400,29468,28720,29165,29016,29017,30282,28244
32791,32833,32807,33171,32677,34982,34394,37110,34512,35456,34852,36400,29468,28720,29165,29016,29017,30282,28244
32775,32750,32653,33014,32840,34982,34394,37110,34512,35456,34852,36400,29468,28720,29165,29016,29017,30282,28244
32738,32841,32795,33025,32761,34982,34394,37110,34512,35456,34852,36400,29468,28720,29165,29016,29017,30282,28244
32736,32726,32745,32959,33221,34982,34394,37110,34512,35456,34852,36400,29468,28720,29165,29016,29017,30282,28244
32766,32795,32738,32911,33358,34982,34394,37110,34512,35456,34852,36400,29468,28720,29165,29016,29017,30282,28244
32782,32692,32867,32998,33054,34982,34394,37110,34512,35456,34852,36400,29468,28720,29165,29016,29017,30282,28244
32790,32837,32647,33015,32805,34982,34394,37110,34512,35456,34852,36400,29468,28720,29165,29016,29017,30282,28244
32775,32722,32839,33095,32831,34982,34394,37110,34512,35456,34852,36400,29468,28720,29165,29016,29017,30282,28244
32775,32733,32824,33163,32451,34982,34394,37110,34512,35456,34852,36400,29468,28720,29165,29016,29017,30282,28244
32726,32767,32735,33273,32571,34952,34402,37108,34532,35456,34860,36416,29452,28772,29145,29029,27881,28648,29157
32788,32745,32940,33267,32711,34952,34402,37108,34532,35456,34860,36416,29452,28772,29145,29029,27881,28648,29157
32780,32739,32755,33299,32537,34952,34402,37108,34532,35456,34860,36416,29452,28772,29145,29029,27881,28648,29157
32723,32703,32827,33263,32789,34952,34402,37108,34532,35456,34860,36416,29452,28772,29145,29029,27881,28648,29157
32682,32789,32893,33183,32971,34952,34402,37108,34532,35456,34860,36416,29452,28772,29145,29029,27881,28648,29157
32707,32645,32706,33110,32697,34952,34402,37108,34532,35456,34860,36416,29452,28772,29145,29029,27881,28648,29157
32690,32771,32882,33203,32719,34952,34402,37108,34532,35456,34860,36416,29452,28772,29145,29029,27881,28648,29157
32708,32737,32785,33251,32775,34952,34402,37108,34532,35456,34860,36416,29452,28772,29145,29029,27881,28648,29157
32748,32775,32658,33127,32601,34952,34402,37108,34532,35456,34860,36416,29452,28772,29145,29029,27881,28648,29157
32727,32771,32791,33071,32448,34952,34402,37108,34532,35456,34860,36416,29452,28772,29145,29029,27881,28648,29157
32714,32693,32675,33030,32821,34968,34396,37112,34548,35436,34864,36400,29434,28940,29150,29011,27836,28844,29024
32786,32754,32698,33086,32899,34968,34396,37112,34548,35436,34864,36400,29434,28940,29150,29011,27836,28844,29024
32761,32711,32871,33107,32802,34968,34396,37112,34548,35436,34864,36400,29434,28940,29150,29011,27836,28844,29024
32719,32765,32662,33097,32765,34968,34396,37112,34548,35436,34864,36400,29434,28940,29150,29011,27836,28844,29024
32724,32775,32770,33210,33307,34968,34396,37112,34548,35436,34864,36400,29434,28940,29150,29011,27836,28844,29024
32744,32763,32634,33184,33178,34968,34396,37112,34548,35436,34864,36400,29434,28940,29150,29011,27836,28844,29024
32805,32797,32720,33223,33141,34968,34396,37112,34548,35436,34864,36400,29434,28940,29150,29011,27836,28844,29024
32790,32790,32847,33190,33106,34968,34396,37112,34548,35436,34864,36400,29434,28940,29150,29011,27836,28844,29024
32758,32839,32677,33042,32585,34968,34396,37112,34548,35436,34864,36400,29434,28940,29150,29011,27836,28844,29024
32792,32731,32833,33051,32356,34968,34396,37112,34548,35436,34864,36400,29434,28940,29150,29011,27836,28844,29024
32848,32841,32726,33047,32315,34964,34402,37113,34468,35448,34844,36412,29465,29200,29072,29048,30544,30424,28260
32791,32693,32673,32941,32399,34964,34402,37113,34468,35448,34844,36412,29465,29200,29072,29048,30544,30424,28260
32839,32754,32871,33027,32710,34964,34402,37113,34468,35448,34844,36412,29465,29200,29072,29048,30544,30424,28260
32791,32674,32692,32984,32742,34964,34402,37113,34468,35448,34844,36412,29465,29200,29072,29048,30544,30424,28260
32824,32747,32840,33159,32799,34964,34402,37113,34468,35448,34844,36412,29465,29200,29072,29048,30544,30424,28260
32759,32675,32782,33260,32943,34964,34402,37113,34468,35448,34844,36412,29465,29200,29072,29048,30544,30424,28260
32728,32751,32847,33154,32927,34964,34402,37113,34468,35448,34844,36412,29465,29200,29072,29048,30544,30424,28260
32737,32711,32802,33146,33119,34964,34402,37113,34468,35448,34844,36412,29465,29200,29072,29048,30544,30424,28260
32727,32784,32745,33033,33229,34964,34402,37113,34468,35448,34844,36412,29465,29200,29072,29048,30544,30424,28260
32714,32801,32884,33071,32770,34964,34402,37113,34468,35448,34844,36412,29465,29200,29072,29048,30544,30424,28260
32745,32836,32694,33081,32756,34958,34396,37104,34524,35454,34860,36408,29456,29272,29054,29037,27729,28124,29280
32743,32838,32891,33237,32822,34958,34396,37104,34524,35454,34860,36408,29456,29272,29054,29037,27729,28124,29280
32794,32741,32708,33273,32656,34958,34396,37104,34524,35454,34860,36408,29456,29272,29054,29037,27729,28124,29280
32774,32839,32821,33255,32895,34958,34396,37104,34524,35454,34860,36408,29456,29272,29054,29037,27729,28124,29280
32775,32753,32666,33135,32917,34958,34396,37104,34524,35454,34860,36408,29456,29272,29054,29037,27729,28124,29280
32757,32811,32679,33007,32674,34958,34396,37104,34524,35454,34860,36408,29456,29272,29054,29037,27729,28124,29280
32716,32757,32815,33047,32614,34958,34396,37104,34524,35454,34860,36408,29456,29272,29054,29037,27729,28124,29280
32756,32799,32649,32957,32509,34958,34396,37104,34524,35454,34860,36408,29456,29272,29054,29037,27729,28124,29280
32725,32703,32722,33003,32759,34958,34396,37104,34524,35454,34860,36408,29456,29272,29054,29037,27729,28124,29280
32736,32739,32839,33040,33057,34958,34396,37104,34524,35454,34860,36408,29456,29272,29054,29037,27729,28124,29280
32753,32783,32641,33085,32854,34952,34392,37120,34560,35432,34857,36392,29460,29145,29007,29060,31125,31213,30832
32769,32797,32759,33323,32697,34952,34392,37120,34560,35432,34857,36392,29460,29145,29007,29060,31125,31213,30832
32794,32823,32747,33218,32403,34952,34392,37120,34560,35432,34857,36392,29460,29145,29007,29060,31125,31213,30832
32802,32749,32659,33231,32503,34952,34392,37120,34560,35432,34857,36392,29460,29145,29007,29060,31125,31213,30832
32789,32800,32762,33127,32895,34952,34392,37120,34560,35432,34857,36392,29460,29145,29007,29060,31125,31213,30832
32768,32692,32611,33159,32514,34952,34392,37120,34560,35432,34857,36392,29460,29145,29007,29060,31125,31213,30832
32800,32790,32763,33223,32674,34952,34392,37120,34560,35432,34857,36392,29460,29145,29007,29060,31125,31213,30832
32803,32683,32771,33046,32951,34952,34392,37120,34560,35432,34857,36392,29460,29145,29007,29060,31125,31213,30832
32805,32802,32659,32957,32818,34952,34392,37120,34560,35432,34857,36392,29460,29145,29007,29060,31125,31213,30832
32840,32751,32775,33269,32862,34952,34392,37120,34560,35432,34857,36392,29460,29145,29007,29060,31125,31213,30832
32829,32762,32599,33282,33097,34946,34412,37112,34496,35448,34856,36378,29490,28972,29082,29052,30161,31072,30280
32774,32713,32807,33277,32942,34946,34412,37112,34496,35448,34856,36378,29490,28972,29082,29052,30161,31072,30280
32743,32782,32655,33187,32795,34946,34412,37112,34496,35448,34856,36378,29490,28972,29082,29052,30161,31072,30280
32718,32681,32860,33075,32735,34946,34412,37112,34496,35448,34856,36378,29490,28972,29082,29052,30161,31072,30280
32740,32775,32626,33078,32819,34946,34412,37112,34496,35448,34856,36378,29490,28972,29082,29052,30161,31072,30280
32728,32679,32914,33231,32743,34946,34412,37112,34496,35448,34856,36378,29490,28972,29082,29052,30161,31072,30280
32738,32758,32690,33202,33047,34946,34412,37112,34496,35448,34856,36378,29490,28972,29082,29052,30161,31072,30280
32802,32775,32839,33197,32967,34946,34412,37112,34496,35448,34856,36378,29490,28972,29082,29052,30161,31072,30280
32762,32890,32671,32991,33011,34946,34412,37112,34496,35448,34856,36378,29490,28972,29082,29052,30161,31072,30280
32800,32747,32842,32973,32975,34946,34412,37112,34496,35448,34856,36378,29490,28972,29082,29052,30161,31072,30280
32768,32810,32708,33227,32607,34960,34416,37120,34522,35444,34868,36394,29468,28725,29114,29093,27708,28313,28216
32786,32773,32865,33170,32635,34960,34416,37120,34522,35444,34868,36394,29468,28725,29114,29093,27708,28313,28216
32736,32739,32735,33222,32659,34960,34416,37120,34522,35444,34868,36394,29468,28725,29114,29093,27708,28313,28216
32724,32775,32758,33135,32515,34960,34416,37120,34522,35444,34868,36394,29468,28725,29114,29093,27708,28313,28216
32758,32775,32923,33119,32583,34960,34416,37120,34522,35444,34868,36394,29468,28725,29114,29093,27708,28313,28216
32720,32695,32648,33024,32677,34960,34416,37120,34522,35444,34868,36394,29468,28725,29114,29093,27708,28313,28216
32798,32859,32882,33151,32884,34960,34416,37120,34522,35444,34868,36394,29468,28725,29114,29093,27708,28313,28216
32837,32727,32678,33299,32991,34960,34416,37120,34522,35444,34868,36394,29468,28725,29114,29093,27708,28313,28216
32854,32822,32767,33283,33073,34960,34416,37120,34522,35444,34868,36394,29468,28725,29114,29093,27708,28313,28216
32818,32643,32755,33255,32834,34960,34416,37120,34522,35444,34868,36394,29468,28725,29114,29093,27708,28313,28216
32864,32791,32743,33070,32911,34957,34409,37152,34476,35444,34872,36432,29468,28746,29168,29076,31020,29981,28340
32760,32671,32855,33044,32820,34957,34409,37152,34476,35444,34872,36432,29468,28746,29168,29076,31020,29981,28340
32775,32759,32683,32967,32611,34957,34409,37152,34476,35444,34872,36432,29468,28746,29168,29076,31020,29981,28340
32740,32725,32879,33223,32681,34957,34409,37152,34476,35444,34872,36432,29468,28746,29168,29076,31020,29981,28340
32705,32839,32775,33283,32537,34957,34409,37152,34476,35444,34872,36432,29468,28746,29168,29076,31020,29981,28340
32758,32639,32905,33210,32735,34957,34409,37152,34476,35444,34872,36432,29468,28746,29168,29076,31020,29981,28340
32746,32763,32775,33021,32815,34957,34409,37152,34476,35444,34872,36432,29468,28746,29168,29076,31020,29981,28340
32734,32787,32805,33062,32803,34957,34409,37152,34476,35444,34872,36432,29468,28746,29168,29076,31020,29981,28340
32716,32794,32935,32996,32798,34957,34409,37152,34476,35444,34872,36432,29468,28746,29168,29076,31020,29981,28340
32775,32726,32695,33162,32583,34957,34409,37152,34476,35444,34872,36432,29468,28746,29168,29076,31020,29981,28340
32701,32711,32895,33199,32767,34968,34400,37120,34590,35460,34848,36394,29476,28905,29129,29104,28296,28462,28816
32720,32713,32685,33175,32815,34968,34400,37120,34590,35460,34848,36394,29476,28905,29129,29104,28296,28462,28816
32740,32719,32879,33049,32903,34968,34400,37120,34590,35460,34848,36394,29476,28905,29129,29104,28296,28462,28816
32712,32763,32564,32955,32919,34968,34400,37120,34590,35460,34848,36394,29476,28905,29129,29104,28296,28462,28816
32733,32698,32859,33157,32967,34968,34400,37120,34590,35460,34848,36394,29476,28905,29129,29104,28296,28462,28816
32775,32835,32663,33255,32719,34968,34400,37120,34590,35460,34848,36394,29476,28905,29129,29104,28296,28462,28816
32800,32748,32832,33255,33009,34968,34400,37120,34590,35460,34848,36394,29476,28905,29129,29104,28296,28462,28816
32738,32799,32633,33171,32949,34968,34400,37120,34590,35460,34848,36394,29476,28905,29129,29104,28296,28462,28816
32761,32696,32889,33061,32969,34968,34400,37120,34590,35460,34848,36394,29476,28905,29129,29104,28296,28462,28816
32740,32887,32666,33047,32793,34968,34400,37120,34590,35460,34848,36394,29476,28905,29129,29104,28296,28462,28816
32754,32831,32767,33219,32944,34964,34392,37096,34594,35450,34849,36404,29432,29116,29108,29091,30053,29153,29166
32738,32753,32813,33223,32827,34964,34392,37096,34594,35450,34849,36404,29432,29116,29108,29091,30053,29153,29166
32754,32803,32639,32993,32927,34964,34392,37096,34594,35450,34849,36404,29432,29116,29108,29091,30053,29153,29166
32783,32687,32775,32984,32598,34964,34392,37096,34594,35450,34849,36404,29432,29116,29108,29091,30053,29153,29166
32771,32807,32703,33090,32714,34964,34392,37096,34594,35450,34849,36404,29432,29116,29108,29091,30053,29153,29166
32815,32678,32711,33263,32510,34964,34392,37096,34594,35450,34849,36404,29432,29116,29108,29091,30053,29153,29166
32775,32805,32827,33240,32603,34964,34392,37096,34594,35450,34849,36404,29432,29116,29108,29091,30053,29153,29166
32830,32727,32751,33188,32415,34964,34392,37096,34594,35450,34849,36404,29432,29116,29108,29091,30053,29153,29166
32836,32786,32839,33060,32659,34964,34392,37096,34594,35450,34849,36404,29432,29116,29108,29091,30053,29153,29166
32814,32719,32713,33047,32950,34964,34392,37096,34594,35450,34849,36404,29432,29116,29108,29091,30053,29153,29166
32797,32756,32891,33253,33037,34947,34404,37130,34572,35440,34864,36379,29426,29288,29025,29148,31512,28524,29400
32799,32701,32619,33358,33100,34947,34404,37130,34572,35440,34864,36379,29426,29288,29025,29148,31512,28524,29400
32783,32821,32802,33309,33017,34947,34404,37130,34572,35440,34864,36379,29426,29288,29025,29148,31512,28524,29400
32768,32723,32786,33307,32713,34947,34404,37130,34572,35440,34864,36379,29426,29288,29025,29148,31512,28524,29400
32828,32811,32725,33229,32607,34947,34404,37130,34572,35440,34864,36379,29426,29288,29025,29148,31512,28524,29400
32811,32703,32890,33198,32675,34947,34404,37130,34572,35440,34864,36379,29426,29288,29025,29148,31512,28524,29400
32698,32763,32605,33147,32863,34947,34404,37130,34572,35440,34864,36379,29426,29288,29025,29148,31512,28524,29400
32728,32693,32813,33110,32711,34947,34404,37130,34572,35440,34864,36379,29426,29288,29025,29148,31512,28524,29400
32756,32732,32683,33175,32903,34947,34404,37130,34572,35440,34864,36379,29426,29288,29025,29148,31512,28524,29400
32708,32674,32819,33238,32750,34947,34404,37130,34572,35440,34864,36379,29426,29288,29025,29148,31512,28524,29400
32707,32767,32772,33293,32631,34970,34394,37112,34602,35450,34880,36400,29448,29264,29015,29110,30589,30508,29748
32807,32677,32693,33254,32617,34970,34394,37112,34602,35450,34880,36400,29448,29264,29015,29110,30589,30508,29748
32767,32802,32867,33074,32626,34970,34394,37112,34602,35450,34880,36400,29448,29264,29015,29110,30589,30508,29748
32759,32844,32665,32985,32893,34970,34394,37112,34602,35450,34880,36400,29448,29264,29015,29110,30589,30508,29748
32784,32787,32786,33125,32675,34970,34394,37112,34602,35450,34880,36400,29448,29264,29015,29110,30589,30508,29748
32854,32807,32671,33295,32721,34970,34394,37112,34602,35450,34880,36400,29448,29264,29015,29110,30589,30508,29748
32799,32815,32747,33249,32852,34970,34394,37112,34602,35450,34880,36400,29448,29264,29015,29110,30589,30508,29748
32780,32834,32665,33217,32945,34970,34394,37112,34602,35450,34880,36400,29448,29264,29015,29110,30589,30508,29748
32798,32707,32782,33028,33020,34970,34394,37112,34602,35450,34880,36400,29448,29264,29015,29110,30589,30508,29748
32762,32799,32735,32925,32915,34970,34394,37112,34602,35450,34880,36400,29448,29264,29015,29110,30589,30508,29748
32809,32818,32743,33055,33145,34976,34396,37125,34532,35452,34856,36392,29492,29001,29023,29128,30546,31416,30941
32808,32741,32758,33107,33047,34976,34396,37125,34532,35452,34856,36392,29492,29001,29023,29128,30546,31416,30941
32765,32743,32659,33215,32853,34976,34396,37125,34532,35452,34856,36392,29492,29001,29023,29128,30546,31416,30941
32775,32809,32758,33252,33011,34976,34396,37125,34532,35452,34856,36392,29492,29001,29023,29128,30546,31416,30941
32720,32747,32720,33047,32775,34976,34396,37125,34532,35452,34856,36392,29492,29001,29023,29128,30546,31416,30941
32719,32782,32722,32981,32677,34976,34396,37125,34532,35452,34856,36392,29492,29001,29023,29128,30546,31416,30941
32747,32743,32847,33170,32540,34976,34396,37125,34532,35452,34856,36392,29492,29001,29023,29128,30546,31416,30941
32697,32774,32739,33154,32546,34976,34396,37125,34532,35452,34856,36392,29492,29001,29023,29128,30546,31416,30941
32741,32635,32775,33177,32757,34976,34396,37125,34532,35452,34856,36392,29492,29001,29023,29128,30546,31416,30941
32708,32775,32859,33119,32679,34976,34396,37125,34532,35452,34856,36392,29492,29001,29023,29128,30546,31416,30941
32712,32668,32694,32998,32832,34962,34404,37100,34464,35452,34864,36408,29440,28836,29116,29100,28192,28258,30848
32716,32818,32737,33191,32580,34962,34404,37100,34464,35452,34864,36408,29440,28836,29116,29100,28192,28258,30848
32799,32740,32705,33262,32601,34962,34404,37100,34464,35452,34864,36408,29440,28836,29116,29100,28192,28258,30848
32723,32856,32759,33170,32738,34962,34404,37100,34464,35452,34864,36408,29440,28836,29116,29100,28192,28258,30848
32778,32815,32841,33122,32726,34962,34404,37100,34464,35452,34864,36408,29440,28836,29116,29100,28192,28258,30848
32751,32775,32723,33095,32611,34962,34404,37100,34464,35452,34864,36408,29440,28836,29116,29100,28192,28258,30848
32761,32791,32759,33119,32646,34962,34404,37100,34464,35452,34864,36408,29440,28836,29116,29100,28192,28258,30848
32819,32679,32710,33277,32924,34962,34404,37100,34464,35452,34864,36408,29440,28836,29116,29100,28192,28258,30848
32818,32735,32857,33205,32967,34962,34404,37100,34464,35452,34864,36408,29440,28836,29116,29100,28192,28258,30848
32815,32636,32695,33053,33062,34962,34404,37100,34464,35452,34864,36408,29440,28836,29116,29100,28192,28258,30848
32740,32787,32857,33047,33215,34944,34436,37108,34584,35466,34852,36385,29464,28719,29124,29110,31525,31637,30744
32732,32647,32727,33255,32723,34944,34436,37108,34584,35466,34852,36385,29464,28719,29124,29110,31525,31637,30744
32781,32719,32903,33210,32593,34944,34436,37108,34584,35466,34852,36385,29464,28719,29124,29110,31525,31637,30744
32703,32795,32660,33071,32647,34944,34436,37108,34584,35466,34852,36385,29464,28719,29124,29110,31525,31637,30744
32703,32687,32909,33047,32863,34944,34436,37108,34584,35466,34852,36385,29464,28719,29124,29110,31525,31637,30744
32693,32783,32653,33170,32771,34944,34436,37108,34584,35466,34852,36385,29464,28719,29124,29110,31525,31637,30744
32775,32705,32858,33269,32706,34944,34436,37108,34584,35466,34852,36385,29464,28719,29124,29110,31525,31637,30744
32766,32835,32653,33263,32678,34944,34436,37108,34584,35466,34852,36385,29464,28719,29124,29110,31525,31637,30744
32742,32693,32819,33167,32787,34944,34436,37108,34584,35466,34852,36385,29464,28719,29124,29110,31525,31637,30744
32809,32799,32635,32992,32629,34944,34436,37108,34584,35466,34852,36385,29464,28719,29124,29110,31525,31637,30744
32742,32759,32775,33159,32962,34962,34446,37100,34464,35451,34864,36380,29504,28802,29164,29096,27569,29822,29669
32725,32813,32676,33251,32823,34962,34446,37100,34464,35451,34864,36380,29504,28802,29164,29096,27569,29822,29669
32830,32740,32839,33255,32751,34962,34446,37100,34464,35451,34864,36380,29504,28802,29164,29096,27569,29822,29669
32775,32765,32675,33239,32702,34962,34446,37100,34464,35451,34864,36380,29504,28802,29164,29096,27569,29822,29669
32855,32812,32861,33140,33127,34962,34446,37100,34464,35451,34864,36380,29504,28802,29164,29096,27569,29822,29669
32793,32655,32691,33005,33091,34962,34446,37100,34464,35451,34864,36380,29504,28802,29164,29096,27569,29822,29669
32768,32805,32890,33213,32943,34962,34446,37100,34464,35451,34864,36380,29504,28802,29164,29096,27569,29822,29669
32780,32683,32711,33282,32933,34962,34446,37100,34464,35451,34864,36380,29504,28802,29164,29096,27569,29822,29669
32782,32733,32865,33267,32354,34962,34446,37100,34464,35451,34864,36380,29504,28802,29164,29096,27569,29822,29669
32805,32689,32692,33154,32514,34962,34446,37100,34464,35451,34864,36380,29504,28802,29164,29096,27569,29822,29669
32729,32683,32903,33095,32637,34954,34414,37113,34576,35452,34860,36385,29524,29091,29084,29120,28508,28411,29168
32730,32658,32702,32939,32471,34954,34414,37113,34576,35452,34860,36385,29524,29091,29084,29120,28508,28411,29168
32751,32772,32881,33211,32759,34954,34414,37113,34576,35452,34860,36385,29524,29091,29084,29120,28508,28411,29168
32740,32803,32711,33247,33050,34954,34414,37113,34576,35452,34860,36385,29524,29091,29084,29120,28508,28411,29168
32804,32711,32859,33206,33110,34954,34414,37113,34576,35452,34860,36385,29524,29091,29084,29120,28508,28411,29168
32786,32748,32722,33047,32927,34954,34414,37113,34576,35452,34860,36385,29524,29091,29084,29120,28508,28411,29168
32809,32789,32807,33073,33067,34954,34414,37113,34576,35452,34860,36385,29524,29091,29084,29120,28508,28411,29168
32868,32757,32765,33287,32596,34954,34414,37113,34576,35452,34860,36385,29524,29091,29084,29120,28508,28411,29168
32820,32706,32735,33194,32828,34954,34414,37113,34576,35452,34860,36385,29524,29091,29084,29120,28508,28411,29168
32802,32755,32768,33239,32575,34954,34414,37113,34576,35452,34860,36385,29524,29091,29084,29120,28508,28411,29168
32814,32863,32641,33013,32535,34964,34400,37115,34564,35454,34860,36396,29460,29254,29068,29068,29433,29096,28708
32843,32723,32752,33023,32487,34964,34400,37115,34564,35454,34860,36396,29460,29254,29068,29068,29433,29096,28708
32774,32827,32579,33340,32867,34964,34400,37115,34564,35454,34860,36396,29460,29254,29068,29068,29433,29096,28708
32712,32818,32833,33327,32835,34964,34400,37115,34564,35454,34860,36396,29460,29254,29068,29068,29433,29096,28708
32727,32667,32663,33058,32829,34964,34400,37115,34564,35454,34860,36396,29460,29254,29068,29068,29433,29096,28708
32692,32775,32813,33091,33173,34964,34400,37115,34564,35454,34860,36396,29460,29254,29068,29068,29433,29096,28708
32655,32727,32678,33195,32891,34964,34400,37115,34564,35454,34860,36396,29460,29254,29068,29068,29433,29096,28708
32763,32775,32796,33229,32948,34964,34400,37115,34564,35454,34860,36396,29460,29254,29068,29068,29433,29096,28708
32794,32815,32683,33129,32746,34964,34400,37115,34564,35454,34860,36396,29460,29254,29068,29068,29433,29096,28708
32735,32775,32877,32991,32671,34964,34400,37115,34564,35454,34860,36396,29460,29254,29068,29068,29433,29096,28708
32771,32820,32697,33117,32423,34972,34401,37120,34608,35476,34858,36391,29464,29276,28984,29069,31781,30601,30817
32828,32765,32791,33199,32447,34972,34401,37120,34608,35476,34858,36391,29464,29276,28984,29069,31781,30601,30817
32802,32775,32707,33192,32484,34972,34401,37120,34608,35476,34858,36391,29464,29276,28984,29069,31781,30601,30817
32780,32751,32791,33170,32775,34972,34401,37120,34608,35476,34858,36391,29464,29276,28984,29069,31781,30601,30817
32712,32831,32696,33067,33196,34972,34401,37120,34608,35476,34858,36391,29464,29276,28984,29069,31781,30601,30817
32772,32733,32869,33031,33151,34972,34401,37120,34608,35476,34858,36391,29464,29276,28984,29069,31781,30601,30817
32786,32812,32675,33087,33324,34972,34401,37120,34608,35476,34858,36391,29464,29276,28984,29069,31781,30601,30817
32754,32668,32852,33270,33307,34972,34401,37120,34608,35476,34858,36391,29464,29276,28984,29069,31781,30601,30817
32718,32765,32626,33245,32911,34972,34401,37120,34608,35476,34858,36391,29464,29276,28984,29069,31781,30601,30817
32698,32641,32795,33269,32676,34972,34401,37120,34608,35476,34858,36391,29464,29276,28984,29069,31781,30601,30817
32690,32751,32723,33193,32655,34987,34404,37088,34609,35464,34850,36416,29509,29124,29033,29060,28165,29276,28604
32686,32647,32851,33015,32423,34987,34404,37088,34609,35464,34850,36416,29509,29124,29033,29060,28165,29276,28604
32712,32797,32755,32982,32447,34987,34404,37088,34609,35464,34850,36416,29509,29124,29033,29060,28165,29276,28604
32781,32743,32871,33131,32563,34987,34404,37088,34609,35464,34850,36416,29509,29124,29033,29060,28165,29276,28604
32767,32721,32716,33238,32720,34987,34404,37088,34609,35464,34850,36416,29509,29124,29033,29060,28165,29276,28604
32827,32803,32861,33182,32685,34987,34404,37088,34609,35464,34850,36416,29509,29124,29033,29060,28165,29276,28604
32788,32727,32680,32995,32963,34987,34404,37088,34609,35464,34850,36416,29509,29124,29033,29060,28165,29276,28604
32756,32786,32840,33031,33132,34987,34404,37088,34609,35464,34850,36416,29509,29124,29033,29060,28165,29276,28604
32818,32701,32739,33021,32863,34987,34404,37088,34609,35464,34850,36416,29509,29124,29033,29060,28165,29276,28604
32840,32821,32795,33305,32857,34987,34404,37088,34609,35464,34850,36416,29509,29124,29033,29060,28165,29276,28604
32782,32662,32730,33255,32723,34960,34392,37136,34478,35449,34864,36408,29484,28861,29056,29069,29308,28248,28345
32738,32796,32810,33119,32476,34960,34392,37136,34478,35449,34864,36408,29484,28861,29056,29069,29308,28248,28345
32770,32734,32652,32967,32592,34960,34392,37136,34478,35449,34864,36408,29484,28861,29056,29069,29308,28248,28345
32802,32701,32873,33179,32721,34960,34392,37136,34478,35449,34864,36408,29484,28861,29056,29069,29308,28248,28345
32775,32755,32643,33199,32819,34960,34392,37136,34478,35449,34864,36408,29484,28861,29056,29069,29308,28248,28345
32756,32611,32838,33175,32546,34960,34392,37136,34478,35449,34864,36408,29484,28861,29056,29069,29308,28248,28345
32772,32730,32737,33163,32768,34960,34392,37136,34478,35449,34864,36408,29484,28861,29056,29069,29308,28248,28345
32824,32695,32739,33105,32997,34960,34392,37136,34478,35449,34864,36408,29484,28861,29056,29069,29308,28248,28345
32788,32775,32878,33063,32763,34960,34392,37136,34478,35449,34864,36408,29484,28861,29056,29069,29308,28248,28345
32733,32699,32669,32997,32763,34960,34392,37136,34478,35449,34864,36408,29484,28861,29056,29069,29308,28248,28345
32775,32786,32831,33186,32635,34968,34400,37128,34570,35456,34852,36410,29444,28741,29185,29062,29800,31244,30033
32760,32694,32689,33311,32654,34968,34400,37128,34570,35456,34852,36410,29444,28741,29185,29062,29800,31244,30033
32731,32743,32847,33222,32762,34968,34400,37128,34570,35456,34852,36410,29444,28741,29185,29062,29800,31244,30033
32804,32707,32699,33215,32815,34968,34400,37128,34570,35456,34852,36410,29444,28741,29185,29062,29800,31244,30033
32719,32823,32819,33077,32903,34968,34400,37128,34570,35456,34852,36410,29444,28741,29185,29062,29800,31244,30033
32740,32699,32826,33052,32855,34968,34400,37128,34570,35456,34852,36410,29444,28741,29185,29062,29800,31244,30033
32668,32763,32691,33031,33005,34968,34400,37128,34570,35456,34852,36410,29444,28741,29185,29062,29800,31244,30033
32681,32645,32795,33063,33333,34968,34400,37128,34570,35456,34852,36410,29444,28741,29185,29062,29800,31244,30033
32745,32747,32622,33309,33063,34968,34400,37128,34570,35456,34852,36410,29444,28741,29185,29062,29800,31244,30033
32711,32693,32811,33229,32898,34968,34400,37128,34570,35456,34852,36410,29444,28741,29185,29062,29800,31244,30033
32692,32774,32734,33255,32845,34960,34389,37120,34474,35448,34860,36386,29522,28768,29148,29080,30156,30468,30848
32756,32747,32630,33286,32707,34960,34389,37120,34474,35448,34860,36386,29522,28768,29148,29080,30156,30468,30848
32784,32798,32892,33183,32461,34960,34389,37120,34474,35448,34860,36386,29522,28768,29148,29080,30156,30468,30848
32772,32723,32671,33223,32630,34960,34389,37120,34474,35448,34860,36386,29522,28768,29148,29080,30156,30468,30848
32790,32827,32772,33154,32610,34960,34389,37120,34474,35448,34860,36386,29522,28768,29148,29080,30156,30468,30848
32850,32845,32747,32959,32917,34960,34389,37120,34474,35448,34860,36386,29522,28768,29148,29080,30156,30468,30848
32725,32827,32851,33132,32775,34960,34389,37120,34474,35448,34860,36386,29522,28768,29148,29080,30156,30468,30848
32788,32690,32671,33235,32644,34960,34389,37120,34474,35448,34860,36386,29522,28768,29148,29080,30156,30468,30848
32713,32775,32835,33116,32882,34960,34389,37120,34474,35448,34860,36386,29522,28768,29148,29080,30156,30468,30848
32792,32637,32715,33071,32734,34960,34389,37120,34474,35448,34860,36386,29522,28768,29148,29080,30156,30468,30848
32799,32818,32891,32995,32813,34968,34368,37136,34512,35428,34860,36392,29448,28944,29141,29060,28700,30312,29320
32816,32683,32724,33039,33068,34968,34368,37136,34512,35428,34860,36392,29448,28944,29141,29060,28700,30312,29320
32837,32867,32865,33133,32859,34968,34368,37136,34512,35428,34860,36392,29448,28944,29141,29060,28700,30312,29320
32790,32799,32790,33278,32951,34968,34368,37136,34512,35428,34860,36392,29448,28944,29141,29060,28700,30312,29320
32791,32767,32860,33190,32865,34968,34368,37136,34512,35428,34860,36392,29448,28944,29141,29060,28700,30312,29320
32746,32807,32775,33122,32833,34968,34368,37136,34512,35428,34860,36392,29448,28944,29141,29060,28700,30312,29320
32750,32689,32748,33075,32681,34968,34368,37136,34512,35428,34860,36392,29448,28944,29141,29060,28700,30312,29320
32749,32774,32827,33046,32631,34968,34368,37136,34512,35428,34860,36392,29448,28944,29141,29060,28700,30312,29320
32754,32695,32677,33103,32405,34968,34368,37136,34512,35428,34860,36392,29448,28944,29141,29060,28700,30312,29320
32726,32809,32839,33251,32767,34968,34368,37136,34512,35428,34860,36392,29448,28944,29141,29060,28700,30312,29320
32762,32767,32628,33255,32812,34945,34404,37120,34604,35452,34866,36377,29446,29236,29052,29105,29317,30963,28212
32790,32790,32759,33307,32491,34945,34404,37120,34604,35452,34866,36377,29446,29236,29052,29105,29317,30963,28212
32706,32788,32741,33257,32717,34945,34404,37120,34604,35452,34866,36377,29446,29236,29052,29105,29317,30963,28212
32705,32665,32698,33207,32916,34945,34404,37120,34604,35452,34866,36377,29446,29236,29052,29105,29317,30963,28212
32789,32751,32827,33268,32959,34945,34404,37120,34604,35452,34866,36377,29446,29236,29052,29105,29317,30963,28212
32752,32715,32627,33143,33314,34945,34404,37120,34604,35452,34866,36377,29446,29236,29052,29105,29317,30963,28212
32740,32775,32745,33108,33074,34945,34404,37120,34604,35452,34866,36377,29446,29236,29052,29105,29317,30963,28212
32754,32723,32714,33007,32809,34945,34404,37120,34604,35452,34866,36377,29446,29236,29052,29105,29317,30963,28212
32754,32757,32701,33043,32807,34945,34404,37120,34604,35452,34866,36377,29446,29236,29052,29105,29317,30963,28212
32793,32773,32847,33207,32679,34945,34404,37120,34604,35452,34866,36377,29446,29236,29052,29105,29317,30963,28212
32831,32701,32771,33287,32513,34940,34404,37140,34466,35444,34872,36390,29476,29278,29028,29085,30105,29960,28210
32853,32751,32852,33190,32839,34940,34404,37140,34466,35444,34872,36390,29476,29278,29028,29085,30105,29960,28210
32859,32651,32699,33269,32725,34940,34404,37140,34466,35444,34872,36390,29476,29278,29028,29085,30105,29960,28210
32857,32795,32842,33166,32758,34940,34404,37140,34466,35444,34872,36390,29476,29278,29028,29085,30105,29960,28210
32784,32679,32763,33149,33025,34940,34404,37140,34466,35444,34872,36390,29476,29278,29028,29085,30105,29960,28210
32837,32747,32698,33183,32969,34940,34404,37140,34466,35444,34872,36390,29476,29278,29028,29085,30105,29960,28210
32735,32723,32843,33038,32881,34940,34404,37140,34466,35444,34872,36390,29476,29278,29028,29085,30105,29960,28210
32823,32760,32647,32971,32996,34940,34404,37140,34466,35444,34872,36390,29476,29278,29028,29085,30105,29960,28210
32751,32757,32831,33045,32685,34940,34404,37140,34466,35444,34872,36390,29476,29278,29028,29085,30105,29960,28210
32767,32821,32733,33155,32433,34940,34404,37140,34466,35444,34872,36390,29476,29278,29028,29085,30105,29960,28210
32786,32775,32697,33247,32789,34970,34400,37120,34498,35456,34868,36384,29457,29167,28998,29116,30874,30364,28272
32780,32829,32823,33255,32368,34970,34400,37120,34498,35456,34868,36384,29457,29167,28998,29116,30874,30364,28272
32786,32727,32643,33217,32530,34970,34400,37120,34498,35456,34868,36384,29457,29167,28998,29116,30874,30364,28272
32789,32775,32829,33183,32709,34970,34400,37120,34498,35456,34868,36384,29457,29167,28998,29116,30874,30364,28272
32823,32655,32659,33003,32724,34970,34400,37120,34498,35456,34868,36384,29457,29167,28998,29116,30874,30364,28272
32803,32754,32764,33013,33107,34970,34400,37120,34498,35456,34868,36384,29457,29167,28998,29116,30874,30364,28272
32791,32738,32808,33103,33052,34970,34400,37120,34498,35456,34868,36384,29457,29167,28998,29116,30874,30364,28272
32725,32859,32683,33135,32751,34970,34400,37120,34498,35456,34868,36384,29457,29167,28998,29116,30874,30364,28272
32775,32697,32854,33223,32739,34970,34400,37120,34498,35456,34868,36384,29457,29167,28998,29116,30874,30364,28272
32807,32794,32691,33223,32562,34970,34400,37120,34498,35456,34868,36384,29457,29167,28998,29116,30874,30364,28272
32750,32659,32851,33314,32219,34960,34408,37104,34472,35452,34868,36388,29448,29000,29065,29108,30782,29409,28538
32764,32755,32767,33274,32525,34960,34408,37104,34472,35452,34868,36388,29448,29000,29065,29108,30782,29409,28538
32740,32660,32752,33219,32647,34960,34408,37104,34472,35452,34868,36388,29448,29000,29065,29108,30782,29409,28538
32704,32773,32864,33049,33102,34960,34408,37104,34472,35452,34868,36388,29448,29000,29065,29108,30782,29409,28538
32743,32662,32678,32983,33115,34960,34408,37104,34472,35452,34868,36388,29448,29000,29065,29108,30782,29409,28538
32764,32839,32839,33266,33133,34960,34408,37104,34472,35452,34868,36388,29448,29000,29065,29108,30782,29409,28538
32736,32720,32717,33186,33190,34960,34408,37104,34472,35452,34868,36388,29448,29000,29065,29108,30782,29409,28538
32784,32851,32914,33183,33071,34960,34408,37104,34472,35452,34868,36388,29448,29000,29065,29108,30782,29409,28538
32787,32780,32754,33167,33117,34960,34408,37104,34472,35452,34868,36388,29448,29000,29065,29108,30782,29409,28538
32787,32785,32801,33071,33007,34960,34408,37104,34472,35452,34868,36388,29448,29000,29065,29108,30782,29409,28538
32853,32731,32883,33023,32607,34972,34409,37092,34576,35456,34872,36354,29506,28737,29100,29110,31105,31860,29798
32780,32741,32702,32938,32533,34972,34409,37092,34576,35456,34872,36354,29506,28737,29100,29110,31105,31860,29798
32793,32746,32907,33039,32383,34972,34409,37092,34576,35456,34872,36354,29506,28737,29100,29110,31105,31860,29798
32748,32811,32748,33165,32527,34972,34409,37092,34576,35456,34872,36354,29506,28737,29100,29110,31105,31860,29798
32733,32727,32903,33249,32683,34972,34409,37092,34576,35456,34872,36354,29506,28737,29100,29110,31105,31860,29798
32708,32790,32663,33213,32717,34972,34409,37092,34576,35456,34872,36354,29506,28737,29100,29110,31105,31860,29798
32750,32762,32869,33272,32927,34972,34409,37092,34576,35456,34872,36354,29506,28737,29100,29110,31105,31860,29798
32764,32835,32617,33094,32793,34972,34409,37092,34576,35456,34872,36354,29506,28737,29100,29110,31105,31860,29798
32763,32783,32765,33004,32845,34972,34409,37092,34576,35456,34872,36354,29506,28737,29100,29110,31105,31860,29798
32790,32758,32687,33266,32807,34972,34409,37092,34576,35456,34872,36354,29506,28737,29100,29110,31105,31860,29798
32759,32659,32855,33175,32715,34976,34408,37122,34456,35456,34868,36392,29411,28752,29168,29072,31384,28864,30641
32754,32707,32751,33253,32629,34976,34408,37122,34456,35456,34868,36392,29411,28752,29168,29072,31384,28864,30641
32730,32759,32621,33172,32873,34976,34408,37122,34456,35456,34868,36392,29411,28752,29168,29072,31384,28864,30641
32772,32805,32831,33047,32972,34976,34408,37122,34456,35456,34868,36392,29411,28752,29168,29072,31384,28864,30641
32711,32791,32583,33026,33135,34976,34408,37122,34456,35456,34868,36392,29411,28752,29168,29072,31384,28864,30641
32696,32652,32801,33023,33063,34976,34408,37122,34456,35456,34868,36392,29411,28752,29168,29072,31384,28864,30641
32726,32775,32791,32999,32711,34976,34408,37122,34456,35456,34868,36392,29411,28752,29168,29072,31384,28864,30641
32757,32790,32620,33063,32612,34976,34408,37122,34456,35456,34868,36392,29411,28752,29168,29072,31384,28864,30641
32766,32822,32877,33163,32505,34976,34408,37122,34456,35456,34868,36392,29411,28752,29168,29072,31384,28864,30641
32731,32775,32679,33255,32503,34976,34408,37122,34456,35456,34868,36392,29411,28752,29168,29072,31384,28864,30641
32683,32727,32741,33303,32679,34986,34392,37122,34626,35444,34852,36408,29505,28920,29113,29076,29200,31172,29248
32722,32738,32691,33161,32895,34986,34392,37122,34626,35444,34852,36408,29505,28920,29113,29076,29200,31172,29248
32690,32752,32790,33079,32879,34986,34392,37122,34626,35444,34852,36408,29505,28920,29113,29076,29200,31172,29248
32738,32709,32693,33006,32849,34986,34392,37122,34626,35444,34852,36408,29505,28920,29113,29076,29200,31172,29248
32790,32708,32651,33206,33287,34986,34392,37122,34626,35444,34852,36408,29505,28920,29113,29076,29200,31172,29248
32761,32699,32695,33225,32871,34986,34392,37122,34626,35444,34852,36408,29505,28920,29113,29076,29200,31172,29248
32763,32775,32666,33141,32899,34986,34392,37122,34626,35444,34852,36408,29505,28920,29113,29076,29200,31172,29248
32748,32775,32903,33121,32878,34986,34392,37122,34626,35444,34852,36408,29505,28920,29113,29076,29200,31172,29248
32784,32736,32625,33091,32562,34986,34392,37122,34626,35444,34852,36408,29505,28920,29113,29076,29200,31172,29248
32822,32697,32839,33079,32619,34986,34392,37122,34626,35444,34852,36408,29505,28920,29113,29076,29200,31172,29248
32811,32763,32695,33068,32753,34976,34405,37108,34500,35460,34850,36392,29453,29101,29089,29009,27834,28033,28307
32812,32759,32769,33141,32750,34976,34405,37108,34500,35460,34850,36392,29453,29101,29089,29009,27834,28033,28307
32730,32772,32733,33407,32843,34976,34405,37108,34500,35460,34850,36392,29453,29101,29089,29009,27834,28033,28307
32765,32676,32687,33285,32719,34976,34405,37108,34500,35460,34850,36392,29453,29101,29089,29009,27834,28033,28307
32792,32759,32911,33269,32726,34976,34405,37108,34500,35460,34850,36392,29453,29101,29089,29009,27834,28033,28307
32821,32799,32635,33263,32719,34976,34405,37108,34500,35460,34850,36392,29453,29101,29089,29009,27834,28033,28307
32825,32787,32899,33199,33086,34976,34405,37108,34500,35460,34850,36392,29453,29101,29089,29009,27834,28033,28307
32784,32751,32689,32965,33022,34976,34405,37108,34500,35460,34850,36392,29453,29101,29089,29009,27834,28033,28307
32789,32799,32823,33010,32519,34976,34405,37108,34500,35460,34850,36392,29453,29101,29089,29009,27834,28033,28307
32751,32787,32785,32981,32614,34976,34405,37108,34500,35460,34850,36392,29453,29101,29089,29009,27834,28033,28307
32806,32809,32631,33219,32911,34980,34380,37120,34560,35444,34868,36376,29457,29276,29008,29044,28402,28660,29079
32751,32765,32885,33287,32958,34980,34380,37120,34560,35444,34868,36376,29457,29276,29008,29044,28402,28660,29079
32801,32775,32738,33213,33082,34980,34380,37120,34560,35444,34868,36376,29457,29276,29008,29044,28402,28660,29079
32867,32673,32903,33142,32669,34980,34380,37120,34560,35444,34868,36376,29457,29276,29008,29044,28402,28660,29079
32751,32807,32647,33081,32587,34980,34380,37120,34560,35444,34868,36376,29457,29276,29008,29044,28402,28660,29079
32775,32687,32930,33048,32901,34980,34380,37120,34560,35444,34868,36376,29457,29276,29008,29044,28402,28660,29079
32764,32754,32797,33115,32797,34980,34380,37120,34560,35444,34868,36376,29457,29276,29008,29044,28402,28660,29079
32772,32659,32861,33271,32883,34980,34380,37120,34560,35444,34868,36376,29457,29276,29008,29044,28402,28660,29079
32765,32754,32798,33260,32903,34980,34380,37120,34560,35444,34868,36376,29457,29276,29008,29044,28402,28660,29079
32732,32807,32695,33175,32867,34980,34380,37120,34560,35444,34868,36376,29457,29276,29008,29044,28402,28660,29079
32773,32775,32834,33146,32861,34936,34405,37120,34574,35464,34848,36408,29508,29217,29018,29028,27894,28552,30431
32784,32722,32675,32999,32775,34936,34405,37120,34574,35464,34848,36408,29508,29217,29018,29028,27894,28552,30431
32768,32802,32819,33070,32519,34936,34405,37120,34574,35464,34848,36408,29508,29217,29018,29028,27894,28552,30431
32751,32791,32641,33119,32339,34936,34405,37120,34574,35464,34848,36408,29508,29217,29018,29028,27894,28552,30431
32788,32815,32861,33267,32675,34936,34405,37120,34574,35464,34848,36408,29508,29217,29018,29028,27894,28552,30431
32713,32775,32610,33221,32794,34936,34405,37120,34574,35464,34848,36408,29508,29217,29018,29028,27894,28552,30431
32712,32807,32786,33170,32653,34936,34405,37120,34574,35464,34848,36408,29508,29217,29018,29028,27894,28552,30431
32727,32803,32661,33146,32927,34936,34405,37120,34574,35464,34848,36408,29508,29217,29018,29028,27894,28552,30431
32767,32677,32788,33093,32833,34936,34405,37120,34574,35464,34848,36408,29508,29217,29018,29028,27894,28552,30431
32775,32742,32695,33051,33051,34936,34405,37120,34574,35464,34848,36408,29508,29217,29018,29028,27894,28552,30431
32797,32719,32802,33143,32993,34968,34388,37120,34513,35458,34861,36392,29478,28984,29008,29099,30608,31090,30916
32780,32731,32755,33279,32773,34968,34388,37120,34513,35458,34861,36392,29478,28984,29008,29099,30608,31090,30916
32770,32745,32747,33211,32557,34968,34388,37120,34513,35458,34861,36392,29478,28984,29008,29099,30608,31090,30916
32781,32735,32787,33152,32693,34968,34388,37120,34513,35458,34861,36392,29478,28984,29008,29099,30608,31090,30916
32774,32593,32638,33252,32707,34968,34388,37120,34513,35458,34861,36392,29478,28984,29008,29099,30608,31090,30916
32732,32775,32834,33111,33007,34968,34388,37120,34513,35458,34861,36392,29478,28984,29008,29099,30608,31090,30916
32850,32743,32903,33061,32871,34968,34388,37120,34513,35458,34861,36392,29478,28984,29008,29099,30608,31090,30916
32764,32829,32689,32992,32775,34968,34388,37120,34513,35458,34861,36392,29478,28984,29008,29099,30608,31090,30916
32735,32767,32843,33063,33121,34968,34388,37120,34513,35458,34861,36392,29478,28984,29008,29099,30608,31090,30916
32799,32759,32663,33069,33011,34968,34388,37120,34513,35458,34861,36392,29478,28984,29008,29099,30608,31090,30916
32763,32793,32879,33138,32955,34961,34404,37128,34472,35452,34860,36404,29470,28824,29117,29093,28233,28077,30236
32815,32758,32719,33275,32949,34961,34404,37128,34472,35452,34860,36404,29470,28824,29117,29093,28233,28077,30236
32850,32787,32833,33225,32367,34961,34404,37128,34472,35452,34860,36404,29470,28824,29117,29093,28233,28077,30236
32786,32831,32735,33202,32537,34961,34404,37128,34472,35452,34860,36404,29470,28824,29117,29093,28233,28077,30236
32762,32775,32673,33142,32519,34961,34404,37128,34472,35452,34860,36404,29470,28824,29117,29093,28233,28077,30236
32747,32805,32825,33007,32689,34961,34404,37128,34472,35452,34860,36404,29470,28824,29117,29093,28233,28077,30236
32723,32821,32696,32997,32890,34961,34404,37128,34472,35452,34860,36404,29470,28824,29117,29093,28233,28077,30236
32743,32799,32829,33229,32728,34961,34404,37128,34472,35452,34860,36404,29470,28824,29117,29093,28233,28077,30236
32745,32788,32659,33216,32758,34961,34404,37128,34472,35452,34860,36404,29470,28824,29117,29093,28233,28077,30236
32715,32833,32753,33193,32652,34961,34404,37128,34472,35452,34860,36404,29470,28824,29117,29093,28233,28077,30236
32716,32839,32615,33207,32751,34968,34400,37116,34608,35461,34857,36408,29516,28700,29132,29127,29289,28706,28860
32718,32701,32809,33261,32930,34968,34400,37116,34608,35461,34857,36408,29516,28700,29132,29127,29289,28706,28860
32772,32811,32723,32963,32689,34968,34400,37116,34608,35461,34857,36408,29516,28700,29132,29127,29289,28706,28860
32733,32731,32803,33081,32799,34968,34400,37116,34608,35461,34857,36408,29516,28700,29132,29127,29289,28706,28860
32708,32804,32687,33239,32786,34968,34400,37116,34608,35461,34857,36408,29516,28700,29132,29127,29289,28706,28860
32712,32806,32855,33331,33041,34968,34400,37116,34608,35461,34857,36408,29516,28700,29132,29127,29289,28706,28860
32709,32683,32754,33170,33065,34968,34400,37116,34608,35461,34857,36408,29516,28700,29132,29127,29289,28706,28860
32707,32775,32835,33087,33005,34968,34400,37116,34608,35461,34857,36408,29516,28700,29132,29127,29289,28706,28860
32714,32667,32837,33049,32903,34968,34400,37116,34608,35461,34857,36408,29516,28700,29132,29127,29289,28706,28860
32763,32799,32716,33159,32719,34968,34400,37116,34608,35461,34857,36408,29516,28700,29132,29127,29289,28706,28860
32767,32807,32855,33298,32837,34952,34408,37124,34504,35452,34850,36380,29465,28816,29188,29096,27539,28172,28709
32784,32845,32662,33255,32719,34952,34408,37124,34504,35452,34850,36380,29465,28816,29188,29096,27539,28172,28709
32824,32731,32881,33234,33035,34952,34408,37124,34504,35452,34850,36380,29465,28816,29188,29096,27539,28172,28709
32797,32771,32671,32980,32751,34952,34408,37124,34504,35452,34850,36380,29465,28816,29188,29096,27539,28172,28709
32789,32826,32871,33111,32628,34952,34408,37124,34504,35452,34850,36380,29465,28816,29188,29096,27539,28172,28709
32801,32794,32800,33269,32509,34952,34408,37124,34504,35452,34850,36380,29465,28816,29188,29096,27539,28172,28709
32750,32791,32797,33231,32614,34952,34408,37124,34504,35452,34850,36380,29465,28816,29188,29096,27539,28172,28709
32721,32751,32849,33159,32839,34952,34408,37124,34504,35452,34850,36380,29465,28816,29188,29096,27539,28172,28709
32792,32741,32645,33045,32879,34952,34408,37124,34504,35452,34850,36380,29465,28816,29188,29096,27539,28172,28709
32681,32787,32783,33031,32790,34952,34408,37124,34504,35452,34850,36380,29465,28816,29188,29096,27539,28172,28709
32672,32669,32847,33057,32675,34944,34394,37092,34560,35456,34861,36354,29506,29081,29116,29112,29173,28948,28636
32690,32797,32644,33061,32634,34944,34394,37092,34560,35456,34861,36354,29506,29081,29116,29112,29173,28948,28636
32745,32666,32789,33122,33106,34944,34394,37092,34560,35456,34861,36354,29506,29081,29116,29112,29173,28948,28636
32786,32786,32806,32999,32775,34944,34394,37092,34560,35456,34861,36354,29506,29081,29116,29112,29173,28948,28636
32730,32775,32695,33068,32745,34944,34394,37092,34560,35456,34861,36354,29506,29081,29116,29112,29173,28948,28636
32788,32739,32754,33119,32959,34944,34394,37092,34560,35456,34861,36354,29506,29081,29116,29112,29173,28948,28636
32827,32843,32821,33313,32829,34944,34394,37092,34560,35456,34861,36354,29506,29081,29116,29112,29173,28948,28636
32836,32718,32739,33335,32775,34944,34394,37092,34560,35456,34861,36354,29506,29081,29116,29112,29173,28948,28636
32833,32831,32725,33283,32821,34944,34394,37092,34560,35456,34861,36354,29506,29081,29116,29112,29173,28948,28636
32836,32767,32919,33255,32862,34944,34394,37092,34560,35456,34861,36354,29506,29081,29116,29112,29173,28948,28636
32853,32838,32703,33213,32819,34960,34388,37088,34480,35442,34880,36394,29476,29209,29085,29069,27784,30984,28212
32925,32775,32773,33149,32775,34960,34388,37088,34480,35442,34880,36394,29476,29209,29085,29069,27784,30984,28212
32855,32805,32739,33159,32559,34960,34388,37088,34480,35442,34880,36394,29476,29209,29085,29069,27784,30984,28212
32772,32767,32683,32983,32742,34960,34388,37088,34480,35442,34880,36394,29476,29209,29085,29069,27784,30984,28212
32827,32799,32757,32926,32699,34960,34388,37088,34480,35442,34880,36394,29476,29209,29085,29069,27784,30984,28212
32744,32765,32763,32955,32617,34960,34388,37088,34480,35442,34880,36394,29476,29209,29085,29069,27784,30984,28212
32782,32703,32675,33036,32943,34960,34388,37088,34480,35442,34880,36394,29476,29209,29085,29069,27784,30984,28212
32761,32775,32877,33253,33007,34960,34388,37088,34480,35442,34880,36394,29476,29209,29085,29069,27784,30984,28212
32750,32762,32911,33171,32979,34960,34388,37088,34480,35442,34880,36394,29476,29209,29085,29069,27784,30984,28212
32761,32820,32705,33330,33055,34960,34388,37088,34480,35442,34880,36394,29476,29209,29085,29069,27784,30984,28212
32741,32889,32631,33263,32935,34968,34392,37112,34565,35448,34848,36392,29468,29268,29010,29083,29160,28760,28402
32730,32704,32888,33287,32775,34968,34392,37112,34565,35448,34848,36392,29468,29268,29010,29083,29160,28760,28402
32741,32903,32719,33271,32671,34968,34392,37112,34565,35448,34848,36392,29468,29268,29010,29083,29160,28760,28402
32728,32770,32754,33223,32531,34968,34392,37112,34565,35448,34848,36392,29468,29268,29010,29083,29160,28760,28402
32824,32855,32804,33139,32541,34968,34392,37112,34565,35448,34848,36392,29468,29268,29010,29083,29160,28760,28402
32762,32739,32659,33055,32725,34968,34392,37112,34565,35448,34848,36392,29468,29268,29010,29083,29160,28760,28402
32795,32822,32863,33039,32677,34968,34392,37112,34565,35448,34848,36392,29468,29268,29010,29083,29160,28760,28402
32840,32671,32742,33031,32826,34968,34392,37112,34565,35448,34848,36392,29468,29268,29010,29083,29160,28760,28402
32774,32725,32701,33090,33030,34968,34392,37112,34565,35448,34848,36392,29468,29268,29010,29083,29160,28760,28402
32679,32598,32905,33247,32843,34968,34392,37112,34565,35448,34848,36392,29468,29268,29010,29083,29160,28760,28402
32748,32755,32757,33323,32815,34960,34392,37120,34528,35456,34852,36394,29444,29108,29029,29029,29384,29111,29329
32734,32597,32748,33255,32737,34960,34392,37120,34528,35456,34852,36394,29444,29108,29029,29029,29384,29111,29329
32708,32715,32848,33287,32367,34960,34392,37120,34528,35456,34852,36394,29444,29108,29029,29029,29384,29111,29329
32775,32703,32741,33009,32571,34960,34392,37120,34528,35456,34852,36394,29444,29108,29029,29029,29384,29111,29329
32807,32739,32742,33089,32491,34960,34392,37120,34528,35456,34852,36394,29444,29108,29029,29029,29384,29111,29329
32788,32761,32679,33322,32679,34960,34392,37120,34528,35456,34852,36394,29444,29108,29029,29029,29384,29111,29329
32788,32691,32835,33219,32711,34960,34392,37120,34528,35456,34852,36394,29444,29108,29029,29029,29384,29111,29329
32749,32815,32689,33263,32995,34960,34392,37120,34528,35456,34852,36394,29444,29108,29029,29029,29384,29111,29329
32676,32717,32807,33215,33269,34960,34392,37120,34528,35456,34852,36394,29444,29108,29029,29029,29384,29111,29329
32740,32787,32765,33069,33045,34960,34392,37120,34528,35456,34852,36394,29444,29108,29029,29029,29384,29111,29329
32707,32690,32711,32979,33007,34962,34396,37112,34592,35441,34848,36368,29436,28836,29065,29060,31440,28573,29348
32736,32851,32823,33179,32575,34962,34396,37112,34592,35441,34848,36368,29436,28836,29065,29060,31440,28573,29348
32780,32750,32721,33245,32535,34962,34396,37112,34592,35441,34848,36368,29436,28836,29065,29060,31440,28573,29348
32747,32843,32822,33007,32673,34962,34396,37112,34592,35441,34848,36368,29436,28836,29065,29060,31440,28573,29348
32798,32783,32742,33122,32825,34962,34396,37112,34592,35441,34848,36368,29436,28836,29065,29060,31440,28573,29348
32744,32654,32743,33305,32939,34962,34396,37112,34592,35441,34848,36368,29436,28836,29065,29060,31440,28573,29348
32724,32839,32802,33159,32893,34962,34396,37112,34592,35441,34848,36368,29436,28836,29065,29060,31440,28573,29348
32743,32775,32766,32954,32787,34962,34396,37112,34592,35441,34848,36368,29436,28836,29065,29060,31440,28573,29348
32741,32742,32801,33039,32770,34962,34396,37112,34592,35441,34848,36368,29436,28836,29065,29060,31440,28573,29348
32669,32809,32834,33249,32785,34962,34396,37112,34592,35441,34848,36368,29436,28836,29065,29060,31440,28573,29348
32787,32701,32741,33219,32879,34958,34400,37160,34540,35458,34856,36397,29452,28738,29145,29022,31371,31004,30680
32731,32683,32854,33211,32706,34958,34400,37160,34540,35458,34856,36397,29452,28738,29145,29022,31371,31004,30680
32774,32611,32679,33012,32791,34958,34400,37160,34540,35458,34856,36397,29452,28738,29145,29022,31371,31004,30680
32825,32737,32822,33017,32809,34958,34400,37160,34540,35458,34856,36397,29452,28738,29145,29022,31371,31004,30680
32761,32645,32615,33095,33031,34958,34400,37160,34540,35458,34856,36397,29452,28738,29145,29022,31371,31004,30680
32854,32802,32814,33260,32835,34958,34400,37160,34540,35458,34856,36397,29452,28738,29145,29022,31371,31004,30680
32892,32644,32756,33178,32751,34958,34400,37160,34540,35458,34856,36397,29452,28738,29145,29022,31371,31004,30680
32874,32773,32673,33170,32854,34958,34400,37160,34540,35458,34856,36397,29452,28738,29145,29022,31371,31004,30680
32870,32662,32830,33182,32698,34958,34400,37160,34540,35458,34856,36397,29452,28738,29145,29022,31371,31004,30680
32775,32827,32653,33008,32911,34958,34400,37160,34540,35458,34856,36397,29452,28738,29145,29022,31371,31004,30680
32700,32749,32807,32997,32738,34948,34397,37092,34569,35440,34856,36384,29432,28776,29148,29066,29460,28428,28308
32784,32797,32801,33011,32637,34948,34397,37092,34569,35440,34856,36384,29432,28776,29148,29066,29460,28428,28308
32742,32725,32707,33223,32654,34948,34397,37092,34569,35440,34856,36384,29432,28776,29148,29066,29460,28428,28308
32710,32811,32839,33226,32659,34948,34397,37092,34569,35440,34856,36384,29432,28776,29148,29066,29460,28428,28308
32692,32719,32691,33255,32714,34948,34397,37092,34569,35440,34856,36384,29432,28776,29148,29066,29460,28428,28308
32720,32716,32643,33208,32687,34948,34397,37092,34569,35440,34856,36384,29432,28776,29148,29066,29460,28428,28308
32802,32667,32811,33241,32637,34948,34397,37092,34569,35440,34856,36384,29432,28776,29148,29066,29460,28428,28308
32741,32775,32620,33249,32914,34948,34397,37092,34569,35440,34856,36384,29432,28776,29148,29066,29460,28428,28308
32832,32731,32748,33151,32803,34948,34397,37092,34569,35440,34856,36384,29432,28776,29148,29066,29460,28428,28308
32839,32813,32783,33079,33021,34948,34397,37092,34569,35440,34856,36384,29432,28776,29148,29066,29460,28428,28308
32801,32825,32599,32999,33065,34936,34416,37108,34528,35444,34876,36388,29485,28989,29127,29060,31192,30191,28256
32751,32811,32897,33078,33083,34936,34416,37108,34528,35444,34876,36388,29485,28989,29127,29060,31192,30191,28256
32752,32727,32703,33255,32997,34936,34416,37108,34528,35444,34876,36388,29485,28989,29127,29060,31192,30191,28256
32797,32775,32818,33319,32879,34936,34416,37108,34528,35444,34876,36388,29485,28989,29127,29060,31192,30191,28256
32848,32719,32683,33219,32939,34936,34416,37108,34528,35444,34876,36388,29485,28989,29127,29060,31192,30191,28256
32822,32797,32850,32999,32715,34936,34416,37108,34528,35444,34876,36388,29485,28989,29127,29060,31192,30191,28256
32753,32727,32850,33031,32807,34936,34416,37108,34528,35444,34876,36388,29485,28989,29127,29060,31192,30191,28256
32746,32775,32741,32987,32766,34936,34416,37108,34528,35444,34876,36388,29485,28989,29127,29060,31192,30191,28256
32708,32722,32866,33279,32519,34936,34416,37108,34528,35444,34876,36388,29485,28989,29127,29060,31192,30191,28256
32789,32791,32757,33282,32455,34936,34416,37108,34528,35444,34876,36388,29485,28989,29127,29060,31192,30191,28256
32720,32710,32855,33339,32532,34957,34400,37132,34479,35428,34868,36404,29424,29269,29076,29159,29652,31217,28309
32720,32805,32866,33269,32704,34957,34400,37132,34479,35428,34868,36404,29424,29269,29076,29159,29652,31217,28309
32805,32669,32669,33115,32937,34957,34400,37132,34479,35428,34868,36404,29424,29269,29076,29159,29652,31217,28309
32706,32789,32869,33047,32809,34957,34400,37132,34479,35428,34868,36404,29424,29269,29076,29159,29652,31217,28309
32714,32723,32662,33095,32931,34957,34400,37132,34479,35428,34868,36404,29424,29269,29076,29159,29652,31217,28309
32766,32771,32878,33341,32759,34957,34400,37132,34479,35428,34868,36404,29424,29269,29076,29159,29652,31217,28309
32732,32811,32659,33210,32836,34957,34400,37132,34479,35428,34868,36404,29424,29269,29076,29159,29652,31217,28309
32742,32795,32734,33211,32503,34957,34400,37132,34479,35428,34868,36404,29424,29269,29076,29159,29652,31217,28309
32745,32813,32823,33238,32531,34957,34400,37132,34479,35428,34868,36404,29424,29269,29076,29159,29652,31217,28309
32829,32743,32570,33127,32800,34957,34400,37132,34479,35428,34868,36404,29424,29269,29076,29159,29652,31217,28309
32901,32795,32859,33062,32370,34946,34414,37101,34564,35445,34858,36416,29496,29284,29012,29132,28036,28392,28357
32804,32751,32667,33145,32876,34946,34414,37101,34564,35445,34858,36416,29496,29284,29012,29132,28036,28392,28357
32793,32784,32759,33263,33119,34946,34414,37101,34564,35445,34858,36416,29496,29284,29012,29132,28036,28392,28357
32861,32669,32679,33108,33159,34946,34414,37101,34564,35445,34858,36416,29496,29284,29012,29132,28036,28392,28357
32770,32775,32775,33124,32823,34946,34414,37101,34564,35445,34858,36416,29496,29284,29012,29132,28036,28392,28357
32783,32659,32909,33169,32839,34946,34414,37101,34564,35445,34858,36416,29496,29284,29012,29132,28036,28392,28357
32784,32814,32663,33063,32729,34946,34414,37101,34564,35445,34858,36416,29496,29284,29012,29132,28036,28392,28357
32700,32790,32839,33066,32686,34946,34414,37101,34564,35445,34858,36416,29496,29284,29012,29132,28036,28392,28357
32736,32835,32610,33149,32879,34946,34414,37101,34564,35445,34858,36416,29496,29284,29012,29132,28036,28392,28357
32672,32669,32709,33322,32673,34946,34414,37101,34564,35445,34858,36416,29496,29284,29012,29132,28036,28392,28357
32726,32863,32673,33191,32775,34940,34416,37096,34492,35444,34860,36408,29490,29176,28992,29220,30004,31112,28313
32770,32803,32626,33263,32831,34940,34416,37096,34492,35444,34860,36408,29490,29176,28992,29220,30004,31112,28313
32784,32831,32875,33168,33027,34940,34416,37096,34492,35444,34860,36408,29490,29176,28992,29220,30004,31112,28313
32784,32693,32675,33053,32993,34940,34416,37096,34492,35444,34860,36408,29490,29176,28992,29220,30004,31112,28313
32752,32837,32811,32985,32926,34940,34416,37096,34492,35444,34860,36408,29490,29176,28992,29220,30004,31112,28313
32816,32785,32846,33050,32738,34940,34416,37096,34492,35444,34860,36408,29490,29176,28992,29220,30004,31112,28313
32860,32747,32770,33163,32330,34940,34416,37096,34492,35444,34860,36408,29490,29176,28992,29220,30004,31112,28313
32740,32775,32926,33143,32610,34940,34416,37096,34492,35444,34860,36408,29490,29176,28992,29220,30004,31112,28313
32825,32657,32767,33206,32668,34940,34416,37096,34492,35444,34860,36408,29490,29176,28992,29220,30004,31112,28313
32843,32751,32905,33023,32741,34940,34416,37096,34492,35444,34860,36408,29490,29176,28992,29220,30004,31112,28313
32790,32722,32683,33059,33097,34968,34418,37112,34561,35460,34848,36364,29480,28984,29077,29181,28436,29420,28284
32778,32810,32923,33197,33079,34968,34418,37112,34561,35460,34848,36364,29480,28984,29077,29181,28436,29420,28284
32732,32786,32721,33257,32967,34968,34418,37112,34561,35460,34848,36364,29480,28984,29077,29181,28436,29420,28284
32703,32734,32873,33199,32766,34968,34418,37112,34561,35460,34848,36364,29480,28984,29077,29181,28436,29420,28284
32614,32713,32678,33117,32935,34968,34418,37112,34561,35460,34848,36364,29480,28984,29077,29181,28436,29420,28284
32676,32683,32808,33027,32647,34968,34418,37112,34561,35460,34848,36364,29480,28984,29077,29181,28436,29420,28284
32650,32759,32694,33029,32955,34968,34418,37112,34561,35460,34848,36364,29480,28984,29077,29181,28436,29420,28284
32683,32691,32871,33091,32763,34968,34418,37112,34561,35460,34848,36364,29480,28984,29077,29181,28436,29420,28284
32652,32819,32668,33275,32550,34968,34418,37112,34561,35460,34848,36364,29480,28984,29077,29181,28436,29420,28284
32718,32715,32810,33219,32658,34968,34418,37112,34561,35460,34848,36364,29480,28984,29077,29181,28436,29420,28284
32713,32815,32717,33241,32487,34968,34400,37088,34504,35458,34858,36404,29488,28738,29118,29192,28057,28294,28234
32726,32698,32783,33189,32755,34968,34400,37088,34504,35458,34858,36404,29488,28738,29118,29192,28057,28294,28234
32749,32775,32651,33020,32919,34968,34400,37088,34504,35458,34858,36404,29488,28738,29118,29192,28057,28294,28234
32732,32735,32775,33105,32933,34968,34400,37088,34504,35458,34858,36404,29488,28738,29118,29192,28057,28294,28234
32809,32825,32603,33285,32751,34968,34400,37088,34504,35458,34858,36404,29488,28738,29118,29192,28057,28294,28234
32791,32745,32845,33261,32646,34968,34400,37088,34504,35458,34858,36404,29488,28738,29118,29192,28057,28294,28234
32765,32735,32647,32988,32343,34968,34400,37088,34504,35458,34858,36404,29488,28738,29118,29192,28057,28294,28234
32770,32737,32826,33037,32687,34968,34400,37088,34504,35458,34858,36404,29488,28738,29118,29192,28057,28294,28234
32736,32653,32775,33191,32875,34968,34400,37088,34504,35458,34858,36404,29488,28738,29118,29192,28057,28294,28234
32754,32699,32692,33126,32983,34968,34400,37088,34504,35458,34858,36404,29488,28738,29118,29192,28057,28294,28234
32812,32759,32922,32967,32938,34976,34408,37124,34564,35451,34864,36389,29504,28784,29164,29152,28210,29213,28240
32799,32727,32707,33023,33083,34976,34408,37124,34564,35451,34864,36389,29504,28784,29164,29152,28210,29213,28240
32751,32851,32807,33287,32925,34976,34408,37124,34564,35451,34864,36389,29504,28784,29164,29152,28210,29213,28240
32844,32845,32671,33293,33247,34976,34408,37124,34564,35451,34864,36389,29504,28784,29164,29152,28210,29213,28240
32797,32818,32891,33191,32769,34976,34408,37124,34564,35451,34864,36389,29504,28784,29164,29152,28210,29213,28240
32796,32831,32647,33039,32647,34976,34408,37124,34564,35451,34864,36389,29504,28784,29164,29152,28210,29213,28240
32758,32726,32829,33033,32697,34976,34408,37124,34564,35451,34864,36389,29504,28784,29164,29152,28210,29213,28240
32852,32745,32663,33147,32667,34976,34408,37124,34564,35451,34864,36389,29504,28784,29164,29152,28210,29213,28240
32836,32705,32878,33349,32811,34976,34408,37124,34564,35451,34864,36389,29504,28784,29164,29152,28210,29213,28240
32744,32775,32658,33239,32802,34976,34408,37124,34564,35451,34864,36389,29504,28784,29164,29152,28210,29213,28240
32797,32741,32877,33195,32610,34964,34408,37114,34616,35449,34868,36402,29465,28937,29141,29144,31068,30682,28200
32772,32854,32679,33081,32589,34964,34408,37114,34616,35449,34868,36402,29465,28937,29141,29144,31068,30682,28200
32780,32801,32862,33095,33045,34964,34408,37114,34616,35449,34868,36402,29465,28937,29141,29144,31068,30682,28200
32810,32755,32763,33007,32959,34964,34408,37114,34616,35449,34868,36402,29465,28937,29141,29144,31068,30682,28200
32762,32757,32762,33133,32745,34964,34408,37114,34616,35449,34868,36402,29465,28937,29141,29144,31068,30682,28200
32796,32775,32926,33190,32807,34964,34408,37114,34616,35449,34868,36402,29465,28937,29141,29144,31068,30682,28200
32829,32775,32735,33299,32427,34964,34408,37114,34616,35449,34868,36402,29465,28937,29141,29144,31068,30682,28200
32809,32694,32877,33287,32619,34964,34408,37114,34616,35449,34868,36402,29465,28937,29141,29144,31068,30682,28200
32745,32709,32755,33129,32822,34964,34408,37114,34616,35449,34868,36402,29465,28937,29141,29144,31068,30682,28200
32820,32672,32891,32997,32999,34964,34408,37114,34616,35449,34868,36402,29465,28937,29141,29144,31068,30682,28200
32737,32704,32716,33029,33030,34960,34412,37112,34568,35450,34864,36415,29460,29120,29096,29089,28630,29540,28300
32731,32722,32839,33197,32859,34960,34412,37112,34568,35450,34864,36415,29460,29120,29096,29089,28630,29540,28300
32705,32831,32611,33281,32615,34960,34412,37112,34568,35450,34864,36415,29460,29120,29096,29089,28630,29540,28300
32714,32815,32775,33233,32609,34960,34412,37112,34568,35450,34864,36415,29460,29120,29096,29089,28630,29540,28300
32796,32835,32630,33167,32869,34960,34412,37112,34568,35450,34864,36415,29460,29120,29096,29089,28630,29540,28300
32764,32689,32839,33031,32740,34960,34412,37112,34568,35450,34864,36415,29460,29120,29096,29089,28630,29540,28300
32729,32751,32622,33055,32767,34960,34412,37112,34568,35450,34864,36415,29460,29120,29096,29089,28630,29540,28300
32760,32641,32821,33199,32638,34960,34412,37112,34568,35450,34864,36415,29460,29120,29096,29089,28630,29540,28300
32749,32791,32609,33261,32717,34960,34412,37112,34568,35450,34864,36415,29460,29120,29096,29089,28630,29540,28300
32775,32693,32805,33267,32768,34960,34412,37112,34568,35450,34864,36415,29460,29120,29096,29089,28630,29540,28300
32721,32790,32635,33177,33063,34970,34408,37100,34564,35442,34872,36360,29504,29325,29019,29074,28004,28346,29089
32725,32674,32826,32963,33120,34970,34408,37100,34564,35442,34872,36360,29504,29325,29019,29074,28004,28346,29089
32798,32861,32619,33045,33123,34970,34408,37100,34564,35442,34872,36360,29504,29325,29019,29074,28004,28346,29089
32695,32726,32845,33223,33399,34970,34408,37100,34564,35442,34872,36360,29504,29325,29019,29074,28004,28346,29089
32764,32767,32849,33294,32879,34970,34408,37100,34564,35442,34872,36360,29504,29325,29019,29074,28004,28346,29089
32795,32607,32675,33249,32575,34970,34408,37100,34564,35442,34872,36360,29504,29325,29019,29074,28004,28346,29089
32790,32790,32895,33251,32599,34970,34408,37100,34564,35442,34872,36360,29504,29325,29019,29074,28004,28346,29089
32774,32667,32674,33222,32327,34970,34408,37100,34564,35442,34872,36360,29504,29325,29019,29074,28004,28346,29089
32877,32827,32838,33099,32565,34970,34408,37100,34564,35442,34872,36360,29504,29325,29019,29074,28004,28346,29089
32875,32754,32645,33079,32647,34970,34408,37100,34564,35442,34872,36360,29504,29325,29019,29074,28004,28346,29089
32820,32811,32847,33151,32809,34992,34400,37108,34600,35448,34872,36400,29484,29232,29032,29044,31021,28724,28253
32811,32802,32645,33235,32587,34992,34400,37108,34600,35448,34872,36400,29484,29232,29032,29044,31021,28724,28253
32788,32713,32806,33180,32767,34992,34400,37108,34600,35448,34872,36400,29484,29232,29032,29044,31021,28724,28253
32775,32771,32739,32973,32655,34992,34400,37108,34600,35448,34872,36400,29484,29232,29032,29044,31021,28724,28253
32804,32698,32741,32947,32887,34992,34400,37108,34600,35448,34872,36400,29484,29232,29032,29044,31021,28724,28253
32773,32805,32788,33155,32856,34992,34400,37108,34600,35448,34872,36400,29484,29232,29032,29044,31021,28724,28253
32802,32847,32667,33251,32963,34992,34400,37108,34600,35448,34872,36400,29484,29232,29032,29044,31021,28724,28253
32824,32854,32879,33159,32972,34992,34400,37108,34600,35448,34872,36400,29484,29232,29032,29044,31021,28724,28253
32792,32775,32653,32957,32819,34992,34400,37108,34600,35448,34872,36400,29484,29232,29032,29044,31021,28724,28253
32775,32717,32830,33142,32672,34992,34400,37108,34600,35448,34872,36400,29484,29232,29032,29044,31021,28724,28253
32759,32792,32706,33271,32623,34984,34402,37128,34472,35472,34836,36396,29445,29013,29043,29053,29676,30625,28308
32786,32759,32871,33351,32635,34984,34402,37128,34472,35472,34836,36396,29445,29013,29043,29053,29676,30625,28308
32729,32838,32683,33251,32773,34984,34402,37128,34472,35472,34836,36396,29445,29013,29043,29053,29676,30625,28308
32705,32748,32812,33234,32798,34984,34402,37128,34472,35472,34836,36396,29445,29013,29043,29053,29676,30625,28308
32779,32807,32757,33103,32729,34984,34402,37128,34472,35472,34836,36396,29445,29013,29043,29053,29676,30625,28308
32662,32750,32719,33087,32517,34984,34402,37128,34472,35472,34836,36396,29445,29013,29043,29053,29676,30625,28308
32756,32754,32844,33147,32365,34984,34402,37128,34472,35472,34836,36396,29445,29013,29043,29053,29676,30625,28308
32706,32743,32694,33159,32943,34984,34402,37128,34472,35472,34836,36396,29445,29013,29043,29053,29676,30625,28308
32652,32711,32882,33263,32769,34984,34402,37128,34472,35472,34836,36396,29445,29013,29043,29053,29676,30625,28308
32711,32683,32645,33107,32775,34984,34402,37128,34472,35472,34836,36396,29445,29013,29043,29053,29676,30625,28308
